Date,Temp_Max,Temp_Avg,Temp_Min,DewPoint_Max,DewPoint_Avg,DewPoint_Min,Humidity_Max,Humidity_Min,WindSpeed_Max,WindSpeed_Min,Pressure(Hg)_Max,Pressure(Hg)_Min,PPT(in)_Avg,Unnamed: 19
2012-09-01,1,89,82,75,70,65,60,-,44,-,6.0,-,-,-
2012-09-02,2,81,77,72,70,67,65,-,62,-,4.0,-,-,-
2012-09-03,3,79,75,71,72,66,60,-,54,-,6.0,-,-,-
2012-09-04,4,81,76,71,76,72,67,-,74,-,0.0,-,-,-
2012-09-05,5,85,81,76,75,71,64,-,58,-,0.0,-,-,-
2012-09-06,6,81,77,72,69,67,64,-,58,-,4.0,-,-,-
2012-09-07,7,87,81,74,72,69,66,-,57,-,0.0,-,-,-
2012-09-08,8,83,75,67,75,70,60,-,60,-,7.0,-,-,-
2012-09-09,9,79,73,66,61,56,50,-,37,-,5.0,-,-,-
2012-09-10,10,73,67,60,58,49,43,-,38,-,9.0,-,-,-
2012-09-11,11,75,67,58,54,45,39,-,31,-,0.0,-,-,-
2012-09-12,12,80,72,64,56,53,49,-,33,-,0.0,-,-,-
2012-09-13,13,80,73,66,61,57,53,-,42,-,4.0,-,-,-
2012-09-14,14,80,74,67,62,59,55,-,45,-,4.0,-,-,-
2012-09-15,15,78,70,62,61,52,47,-,41,-,7.0,-,-,-
2012-09-16,16,76,69,61,50,48,45,-,35,-,5.0,-,-,-
2012-09-17,17,79,71,63,59,51,47,-,33,-,0.0,-,-,-
2012-09-18,18,77,73,69,71,68,61,-,68,-,7.0,-,-,-
2012-09-19,19,71,66,61,67,50,41,-,36,-,6.0,-,-,-
2012-09-20,20,70,64,58,56,52,45,-,55,-,5.0,-,-,-
2012-09-21,21,74,68,62,57,54,52,-,49,-,4.0,-,-,-
2012-09-22,22,77,69,60,67,62,57,-,61,-,0.0,-,-,-
2012-09-23,23,69,64,58,59,46,41,-,37,-,6.0,-,-,-
2012-09-24,24,68,62,56,45,40,34,-,29,-,0.0,-,-,-
2012-09-25,25,74,65,56,55,47,41,-,38,-,0.0,-,-,-
2012-09-26,26,77,72,66,63,59,55,-,60,-,4.0,-,-,-
2012-09-27,27,77,72,67,63,61,57,-,57,-,0.0,-,-,-
2012-09-28,28,71,67,62,65,63,59,-,81,-,4.0,-,-,-
2012-09-29,29,65,62,59,58,55,53,-,67,-,0.0,-,-,-
2012-09-30,30,69,64,58,55,51,44,-,45,-,5.0,-,-,-
2012-10-01,1,72,64,55,52,47,45,-,41,-,0.0,-,-,-
2012-10-02,2,70,67,63,65,59,48,-,52,-,0.0,-,-,-
2012-10-03,3,73,69,64,68,66,64,-,84,-,0.0,-,-,-
2012-10-04,4,75,72,68,70,68,65,-,79,-,0.0,-,-,-
2012-10-05,5,80,73,65,65,59,54,-,39,-,0.0,-,-,-
2012-10-06,6,78,68,57,59,55,44,-,50,-,7.0,-,-,-
2012-10-07,7,57,54,50,47,42,36,-,50,-,0.0,-,-,-
2012-10-08,8,56,52,48,45,42,39,-,55,-,0.0,-,-,-
2012-10-09,9,60,56,52,55,51,44,-,71,-,7.0,-,-,-
2012-10-10,10,69,62,54,58,52,40,-,47,-,6.0,-,-,-
2012-10-11,11,61,55,49,40,34,30,-,32,-,5.0,-,-,-
2012-10-12,12,57,51,44,41,36,28,-,43,-,8.0,-,-,-
2012-10-13,13,54,48,42,41,28,21,-,28,-,0.0,-,-,-
2012-10-14,14,72,63,54,56,49,42,-,44,-,9.0,-,-,-
2012-10-15,15,78,70,61,63,58,53,-,61,-,6.0,-,-,-
2012-10-16,16,61,56,51,52,40,35,-,44,-,7.0,-,-,-
2012-10-17,17,63,56,48,47,40,37,-,39,-,4.0,-,-,-
2012-10-18,18,66,58,50,57,50,45,-,52,-,0.0,-,-,-
2012-10-19,19,68,65,62,65,63,57,-,78,-,6.0,-,-,-
2012-10-20,20,72,65,57,64,54,38,-,38,-,0.0,-,-,-
2012-10-21,21,66,59,52,43,40,37,-,37,-,7.0,-,-,-
2012-10-22,22,70,62,54,45,42,39,-,37,-,6.0,-,-,-
2012-10-23,23,66,62,58,55,49,43,-,48,-,0.0,-,-,-
2012-10-24,24,59,58,56,56,54,52,-,75,-,5.0,-,-,-
2012-10-25,25,64,60,56,54,51,49,-,65,-,4.0,-,-,-
2012-10-26,26,66,63,59,56,55,52,-,68,-,0.0,-,-,-
2012-10-27,27,65,62,59,59,55,51,-,67,-,4.0,-,-,-
2012-10-28,28,60,58,56,54,49,44,-,62,-,15.0,-,-,-
2012-10-29,29,63,59,54,61,54,46,-,72,-,17.0,-,-,-
2012-10-30,30,59,54,48,56,46,41,-,61,-,6.0,-,-,-
2012-10-31,31,55,50,45,40,37,35,-,52,-,6.0,-,-,-
2012-11-01,1,53,48,42,40,37,35,-,54,-,9.0,-,-,-
2012-11-02,2,53,49,44,40,35,32,-,48,-,9.0,-,-,-
2012-11-03,3,51,47,43,37,34,32,-,48,-,13.0,-,-,-
2012-11-04,4,52,47,41,36,32,29,-,44,-,8.0,-,-,-
2012-11-05,5,46,42,37,30,26,21,-,42,-,8.0,-,-,-
2012-11-06,6,43,39,35,27,20,17,-,38,-,6.0,-,-,-
2012-11-07,7,44,39,33,39,32,24,-,54,-,14.0,-,-,-
2012-11-08,8,50,43,35,34,27,22,-,45,-,10.0,-,-,-
2012-11-09,9,54,47,39,36,29,24,-,38,-,5.0,-,-,-
2012-11-10,10,55,51,46,45,40,34,-,59,-,0.0,-,-,-
2012-11-11,11,65,55,45,52,49,44,-,60,-,0.0,-,-,-
2012-11-12,12,65,57,49,59,55,48,-,73,-,0.0,-,-,-
2012-11-13,13,59,50,41,58,43,29,-,53,-,6.0,-,-,-
2012-11-14,14,49,44,39,29,27,25,-,45,-,6.0,-,-,-
2012-11-15,15,45,42,38,32,27,24,-,49,-,0.0,-,-,-
2012-11-16,16,48,44,39,29,27,25,-,45,-,6.0,-,-,-
2012-11-17,17,52,46,40,34,30,26,-,44,-,0.0,-,-,-
2012-11-18,18,49,45,40,37,34,30,-,60,-,5.0,-,-,-
2012-11-19,19,49,44,39,40,36,33,-,66,-,0.0,-,-,-
2012-11-20,20,49,45,41,39,34,31,-,50,-,4.0,-,-,-
2012-11-21,21,54,49,43,39,33,29,-,41,-,4.0,-,-,-
2012-11-22,22,54,49,43,43,39,35,-,59,-,0.0,-,-,-
2012-11-23,23,55,48,41,48,43,39,-,59,-,0.0,-,-,-
2012-11-24,24,52,45,37,42,24,18,-,39,-,13.0,-,-,-
2012-11-25,25,41,39,36,22,20,16,-,44,-,12.0,-,-,-
2012-11-26,26,49,44,38,24,22,20,-,31,-,0.0,-,-,-
2012-11-27,27,43,39,35,36,32,23,-,45,-,0.0,-,-,-
2012-11-28,28,42,40,37,31,26,22,-,49,-,6.0,-,-,-
2012-11-29,29,44,41,37,27,23,20,-,39,-,9.0,-,-,-
2012-11-30,30,47,43,39,36,29,23,-,45,-,0.0,-,-,-
2012-12-01,1,42,40,38,40,36,32,-,79,-,7.0,-,-,-
2012-12-02,2,52,47,41,48,44,39,-,74,-,0.0,-,-,-
2012-12-03,3,61,54,47,49,46,43,-,55,-,0.0,-,-,-
2012-12-04,4,60,53,46,54,50,44,-,78,-,0.0,-,-,-
2012-12-05,5,59,48,36,52,37,22,-,43,-,7.0,-,-,-
2012-12-06,6,41,37,32,22,18,15,-,34,-,0.0,-,-,-
2012-12-07,7,48,43,37,44,35,21,-,52,-,0.0,-,-,-
2012-12-08,8,51,48,44,47,45,43,-,83,-,0.0,-,-,-
2012-12-09,9,51,47,43,48,41,33,-,65,-,4.0,-,-,-
2012-12-10,10,60,53,45,57,51,43,-,84,-,0.0,-,-,-
2012-12-11,11,59,51,42,55,35,26,-,46,-,4.0,-,-,-
2012-12-12,12,44,42,39,25,23,21,-,40,-,0.0,-,-,-
2012-12-13,13,47,43,38,29,25,23,-,38,-,0.0,-,-,-
2012-12-14,14,50,44,37,27,24,21,-,32,-,5.0,-,-,-
2012-12-15,15,47,44,40,32,29,27,-,45,-,4.0,-,-,-
2012-12-16,16,49,46,43,43,40,33,-,62,-,6.0,-,-,-
2012-12-17,17,44,43,41,43,40,37,-,83,-,8.0,-,-,-
2012-12-18,18,55,50,44,45,42,32,-,60,-,0.0,-,-,-
2012-12-19,19,48,45,41,32,28,25,-,45,-,12.0,-,-,-
2012-12-20,20,48,43,37,43,30,24,-,51,-,5.0,-,-,-
2012-12-21,21,60,49,38,54,40,25,-,51,-,13.0,-,-,-
2012-12-22,22,40,39,37,30,24,18,-,40,-,12.0,-,-,-
2012-12-23,23,43,40,37,22,20,12,-,29,-,5.0,-,-,-
2012-12-24,24,40,37,33,34,24,19,-,44,-,0.0,-,-,-
2012-12-25,25,42,38,33,36,31,24,-,59,-,6.0,-,-,-
2012-12-26,26,42,36,29,38,28,19,-,61,-,7.0,-,-,-
2012-12-27,27,42,37,32,38,32,20,-,59,-,14.0,-,-,-
2012-12-28,28,38,35,31,24,22,19,-,52,-,0.0,-,-,-
2012-12-29,29,36,34,32,34,28,22,-,63,-,4.0,-,-,-
2012-12-30,30,36,33,30,25,18,14,-,40,-,15.0,-,-,-
2012-12-31,31,41,36,30,23,18,12,-,44,-,10.0,-,-,-
2013-01-01,1,41,34,27,28,22,12,-,43,-,9.0,-,-,-
2013-01-02,2,34,29,23,16,12,9,-,41,-,7.0,-,-,-
2013-01-03,3,34,30,25,18,15,12,-,41,-,6.0,-,-,-
2013-01-04,4,39,36,33,21,19,18,-,44,-,10.0,-,-,-
2013-01-05,5,43,39,34,22,19,16,-,39,-,0.0,-,-,-
2013-01-06,6,47,41,34,31,26,21,-,38,-,6.0,-,-,-
2013-01-07,7,45,42,38,29,24,19,-,37,-,0.0,-,-,-
2013-01-08,8,49,43,37,31,27,23,-,46,-,0.0,-,-,-
2013-01-09,9,51,44,36,36,32,27,-,54,-,0.0,-,-,-
2013-01-10,10,48,44,40,30,25,21,-,34,-,4.0,-,-,-
2013-01-11,11,45,41,37,43,34,24,-,54,-,4.0,-,-,-
2013-01-12,12,46,44,42,43,42,41,-,92,-,0.0,-,-,-
2013-01-13,13,50,46,42,48,44,41,-,86,-,0.0,-,-,-
2013-01-14,14,55,47,39,52,43,30,-,50,-,0.0,-,-,-
2013-01-15,15,40,38,36,32,27,23,-,54,-,6.0,-,-,-
2013-01-16,16,40,37,33,34,31,27,-,70,-,0.0,-,-,-
2013-01-17,17,44,40,36,32,26,23,-,49,-,4.0,-,-,-
2013-01-18,18,36,31,26,22,9,1,-,28,-,7.0,-,-,-
2013-01-19,19,52,42,31,26,21,9,-,30,-,9.0,-,-,-
2013-01-20,20,54,43,31,27,21,7,-,16,-,8.0,-,-,-
2013-01-21,21,32,30,28,18,11,6,-,36,-,0.0,-,-,-
2013-01-22,22,29,22,15,12,3,-6,-,31,-,15.0,-,-,-
2013-01-23,23,20,16,12,1,-3,-7,-,33,-,7.0,-,-,-
2013-01-24,24,25,20,15,4,1,-1,-,35,-,6.0,-,-,-
2013-01-25,25,25,20,14,18,8,0,-,35,-,0.0,-,-,-
2013-01-26,26,29,24,18,13,9,5,-,39,-,9.0,-,-,-
2013-01-27,27,35,28,21,13,9,7,-,32,-,6.0,-,-,-
2013-01-28,28,37,33,29,32,24,11,-,43,-,0.0,-,-,-
2013-01-29,29,46,42,37,39,35,33,-,76,-,0.0,-,-,-
2013-01-30,30,54,46,37,52,45,35,-,83,-,0.0,-,-,-
2013-01-31,31,60,46,31,55,31,7,-,30,-,14.0,-,-,-
2013-02-01,1,32,29,25,13,10,7,-,36,-,10.0,-,-,-
2013-02-02,2,30,25,20,20,8,1,-,31,-,4.0,-,-,-
2013-02-03,3,31,28,24,22,19,14,-,49,-,0.0,-,-,-
2013-02-04,4,31,28,24,19,9,5,-,32,-,7.0,-,-,-
2013-02-05,5,32,30,28,28,24,14,-,47,-,0.0,-,-,-
2013-02-06,6,40,35,30,28,20,1,-,32,-,0.0,-,-,-
2013-02-07,7,33,30,26,21,9,2,-,28,-,5.0,-,-,-
2013-02-08,8,36,32,27,31,29,23,-,63,-,12.0,-,-,-
2013-02-09,9,34,29,23,26,17,5,-,35,-,13.0,-,-,-
2013-02-10,10,36,28,20,24,11,6,-,35,-,0.0,-,-,-
2013-02-11,11,46,40,34,43,38,21,-,61,-,0.0,-,-,-
2013-02-12,12,45,42,38,37,25,22,-,40,-,5.0,-,-,-
2013-02-13,13,44,39,34,31,25,20,-,44,-,0.0,-,-,-
2013-02-14,14,46,40,34,33,28,22,-,37,-,4.0,-,-,-
2013-02-15,15,53,45,37,36,32,26,-,44,-,0.0,-,-,-
2013-02-16,16,42,37,32,34,24,14,-,45,-,7.0,-,-,-
2013-02-17,17,32,26,19,12,6,2,-,31,-,14.0,-,-,-
2013-02-18,18,36,28,19,10,5,2,-,26,-,6.0,-,-,-
2013-02-19,19,47,40,33,41,29,11,-,35,-,5.0,-,-,-
2013-02-20,20,40,34,27,20,12,7,-,33,-,16.0,-,-,-
2013-02-21,21,35,30,25,14,12,9,-,41,-,8.0,-,-,-
2013-02-22,22,39,33,27,30,20,15,-,56,-,7.0,-,-,-
2013-02-23,23,40,38,35,36,34,30,-,76,-,5.0,-,-,-
2013-02-24,24,46,41,35,36,31,21,-,53,-,8.0,-,-,-
2013-02-25,25,44,39,33,29,24,21,-,45,-,0.0,-,-,-
2013-02-26,26,44,39,33,34,30,26,-,53,-,4.0,-,-,-
2013-02-27,27,48,42,36,43,37,33,-,60,-,0.0,-,-,-
2013-02-28,28,53,47,40,36,32,28,-,46,-,0.0,-,-,-
2013-03-01,1,44,41,37,30,27,24,-,49,-,7.0,-,-,-
2013-03-02,2,39,36,32,28,23,22,-,48,-,8.0,-,-,-
2013-03-03,3,40,35,30,23,18,16,-,40,-,10.0,-,-,-
2013-03-04,4,41,35,29,20,18,16,-,44,-,15.0,-,-,-
2013-03-05,5,48,41,33,26,23,20,-,37,-,4.0,-,-,-
2013-03-06,6,43,41,38,34,30,26,-,55,-,7.0,-,-,-
2013-03-07,7,38,36,34,31,29,25,-,59,-,9.0,-,-,-
2013-03-08,8,42,37,32,30,29,24,-,51,-,10.0,-,-,-
2013-03-09,9,54,46,37,32,21,17,-,24,-,5.0,-,-,-
2013-03-10,10,48,41,34,34,32,31,-,60,-,4.0,-,-,-
2013-03-11,11,54,47,40,45,40,34,-,68,-,0.0,-,-,-
2013-03-12,12,56,50,43,52,46,35,-,66,-,9.0,-,-,-
2013-03-13,13,52,46,39,34,26,19,-,28,-,7.0,-,-,-
2013-03-14,14,41,36,30,26,12,4,-,22,-,15.0,-,-,-
2013-03-15,15,48,40,31,28,17,10,-,33,-,7.0,-,-,-
2013-03-16,16,41,37,33,30,26,18,-,44,-,0.0,-,-,-
2013-03-17,17,38,34,30,27,17,9,-,32,-,6.0,-,-,-
2013-03-18,18,36,33,29,31,20,7,-,36,-,7.0,-,-,-
2013-03-19,19,44,39,34,34,32,28,-,64,-,0.0,-,-,-
2013-03-20,20,45,40,34,25,16,12,-,27,-,7.0,-,-,-
2013-03-21,21,39,36,32,26,16,11,-,32,-,5.0,-,-,-
2013-03-22,22,41,36,30,20,15,11,-,32,-,9.0,-,-,-
2013-03-23,23,45,40,35,21,18,16,-,33,-,9.0,-,-,-
2013-03-24,24,46,40,34,25,20,18,-,33,-,0.0,-,-,-
2013-03-25,25,41,39,37,34,29,24,-,54,-,0.0,-,-,-
2013-03-26,26,50,45,39,30,27,23,-,36,-,4.0,-,-,-
2013-03-27,27,52,45,38,29,24,19,-,28,-,8.0,-,-,-
2013-03-28,28,49,44,39,31,28,26,-,42,-,8.0,-,-,-
2013-03-29,29,55,49,42,29,27,22,-,28,-,6.0,-,-,-
2013-03-30,30,58,50,41,34,26,15,-,19,-,0.0,-,-,-
2013-03-31,31,55,48,40,43,36,28,-,41,-,0.0,-,-,-
2013-04-01,1,62,50,38,45,37,14,-,30,-,0.0,-,-,-
2013-04-02,2,45,40,34,16,12,7,-,22,-,12.0,-,-,-
2013-04-03,3,47,41,34,14,11,9,-,21,-,12.0,-,-,-
2013-04-04,4,50,43,35,30,19,14,-,24,-,4.0,-,-,-
2013-04-05,5,61,52,42,31,23,14,-,16,-,0.0,-,-,-
2013-04-06,6,52,45,37,29,16,1,-,13,-,0.0,-,-,-
2013-04-07,7,54,47,40,43,33,22,-,37,-,5.0,-,-,-
2013-04-08,8,72,60,47,46,41,37,-,31,-,0.0,-,-,-
2013-04-09,9,81,64,47,48,41,30,-,17,-,0.0,-,-,-
2013-04-10,10,71,62,52,55,48,42,-,47,-,0.0,-,-,-
2013-04-11,11,60,54,47,56,47,38,-,62,-,0.0,-,-,-
2013-04-12,12,48,45,42,41,39,36,-,71,-,7.0,-,-,-
2013-04-13,13,57,49,41,41,36,30,-,38,-,0.0,-,-,-
2013-04-14,14,56,52,47,43,31,24,-,30,-,0.0,-,-,-
2013-04-15,15,56,50,44,39,31,26,-,32,-,0.0,-,-,-
2013-04-16,16,62,55,47,50,45,34,-,56,-,4.0,-,-,-
2013-04-17,17,69,62,55,54,43,30,-,26,-,4.0,-,-,-
2013-04-18,18,61,55,49,52,43,33,-,37,-,6.0,-,-,-
2013-04-19,19,70,62,53,59,55,52,-,63,-,4.0,-,-,-
2013-04-20,20,60,53,45,59,33,21,-,23,-,6.0,-,-,-
2013-04-21,21,53,46,39,29,21,15,-,24,-,0.0,-,-,-
2013-04-22,22,55,49,42,35,31,25,-,30,-,5.0,-,-,-
2013-04-23,23,53,48,42,39,36,31,-,58,-,8.0,-,-,-
2013-04-24,24,65,55,45,48,43,37,-,44,-,4.0,-,-,-
2013-04-25,25,67,57,47,51,30,14,-,13,-,4.0,-,-,-
2013-04-26,26,66,59,51,36,30,22,-,19,-,0.0,-,-,-
2013-04-27,27,68,58,48,36,27,20,-,18,-,0.0,-,-,-
2013-04-28,28,69,60,51,41,34,20,-,18,-,0.0,-,-,-
2013-04-29,29,59,56,53,47,45,42,-,57,-,7.0,-,-,-
2013-04-30,30,66,59,51,46,35,18,-,16,-,4.0,-,-,-
2014-09-01,88,82,76,73,71,67,87,53,12,0,30.01,29.91,0,
2014-09-02,93,86,79,73,69,65,85,41,24,4,29.93,29.79,0,
2014-09-03,86,80,73,67,59,53,69,34,21,0,30.1,29.82,0,
2014-09-04,86,79,71,65,60,54,73,34,17,0,30.19,30.11,0,
2014-09-05,85,79,73,73,69,63,87,64,18,6,30.17,30.01,0,
2014-09-06,91,80,68,72,70,64,82,56,28,6,29.99,29.82,0.21,
2014-09-07,80,73,66,64,55,48,78,36,16,5,30.19,29.95,0,
2014-09-08,77,71,65,61,55,51,73,43,18,5,30.32,30.19,0,
2014-09-09,73,69,64,63,58,52,78,58,22,9,30.28,30.15,0,
2014-09-10,77,70,63,63,58,55,84,50,16,7,30.13,30.02,0,
2014-09-11,84,77,69,68,64,59,78,58,20,7,30.01,29.81,0,
2014-09-12,76,69,62,56,52,49,73,41,16,7,30.19,29.95,0,
2014-09-13,70,66,61,61,56,50,93,57,21,5,30.19,30.09,0.19,
2014-09-14,71,63,55,50,46,43,77,37,20,0,30.27,30.16,0,
2014-09-15,73,64,55,52,46,39,69,33,14,6,30.24,30.08,0,
2014-09-16,70,64,58,58,55,50,93,58,14,0,30.06,29.96,0.42,
2014-09-17,73,66,59,54,47,40,72,33,13,0,30.06,29.95,0,
2014-09-18,75,67,59,53,49,43,69,33,16,0,30.11,29.95,0,
2014-09-19,66,61,55,50,46,40,77,48,21,8,30.38,30.13,0,
2014-09-20,74,66,58,64,56,48,84,57,21,0,30.34,30.06,0,
2014-09-21,77,72,67,67,66,63,100,69,17,0,30.03,29.6,0.21,
2014-09-22,72,65,57,66,50,39,70,40,24,5,30.17,29.63,0,
2014-09-23,73,64,54,53,43,39,67,33,16,0,30.41,30.18,0,
2014-09-24,70,65,60,57,54,50,84,51,18,0,30.56,30.42,0,
2014-09-25,64,61,58,57,55,51,86,67,29,8,30.47,30.21,0.17,
2014-09-26,77,69,60,56,52,47,78,41,15,0,30.22,30.15,0,
2014-09-27,83,74,65,58,56,53,73,37,13,0,30.22,30.15,0,
2014-09-28,84,75,65,63,60,54,87,37,15,0,30.17,30,0,
2014-09-29,79,74,69,61,59,55,73,45,13,0,29.99,29.9,0,
2014-09-30,71,67,62,65,60,57,87,61,16,0,29.99,29.91,0.04,
2014-10-01,66,63,60,63,58,55,90,73,14,4,30.08,29.92,0,
2014-10-02,68,64,60,58,55,54,90,63,17,0,30.15,30.02,0,
2014-10-03,69,63,57,55,52,48,80,52,14,5,30.12,29.86,0,
2014-10-04,71,62,52,67,57,37,93,51,24,6,29.83,29.5,1.05,
2014-10-05,61,54,47,36,34,32,60,36,21,5,30.0,29.71,0,
2014-10-06,71,61,51,52,44,35,68,40,26,0,30.08,30,0,
2014-10-07,72,69,65,61,55,47,81,41,21,9,30.06,29.92,0.03,
2014-10-08,73,68,63,61,50,40,87,35,26,8,29.95,29.8,0.03,
2014-10-09,69,64,58,40,37,34,51,28,25,8,30.06,29.94,0,
2014-10-10,64,59,54,41,38,35,55,36,14,0,30.14,30.05,0,
2014-10-11,60,56,52,52,48,42,96,51,18,4,30.17,30.04,0.33,
2014-10-12,62,56,49,47,40,32,83,34,13,0,30.31,30.17,0,
2014-10-13,66,60,53,61,52,43,93,60,14,0,30.34,30.24,0.03,
2014-10-14,76,70,64,64,62,61,93,64,25,0,30.23,30.11,0,
2014-10-15,78,73,68,67,66,64,84,74,25,10,30.1,29.84,0.03,
2014-10-16,72,67,62,68,63,53,97,57,21,5,29.82,29.68,0.77,
2014-10-17,72,67,61,55,51,46,78,41,17,7,29.74,29.67,0,
2014-10-18,70,64,57,55,49,42,84,42,23,4,29.71,29.57,0,
2014-10-19,57,51,45,43,35,28,66,41,26,10,30.07,29.71,0,
2014-10-20,61,53,44,45,34,28,62,37,16,4,30.12,29.97,0,
2014-10-21,68,62,55,54,49,44,80,52,15,0,29.96,29.83,0,
2014-10-22,59,55,51,55,51,46,89,67,28,8,29.93,29.72,1.26,
2014-10-23,53,52,51,48,47,46,89,77,28,9,29.78,29.69,0.32,
2014-10-24,62,57,51,47,44,41,77,51,21,4,29.83,29.75,0,
2014-10-25,68,60,52,45,40,37,59,37,22,7,29.86,29.56,0,
2014-10-26,62,58,54,49,40,35,67,39,25,6,29.83,29.55,0,
2014-10-27,64,58,51,38,36,33,59,31,22,5,30.03,29.83,0,
2014-10-28,72,63,53,57,48,39,84,44,15,4,30.05,29.91,0,
2014-10-29,72,63,53,57,52,41,84,45,23,0,29.95,29.82,0,
2014-10-30,58,54,49,46,40,36,83,43,18,0,30.01,29.94,0,
2014-10-31,55,50,45,46,39,32,83,51,25,6,30.03,29.87,0.04,
2014-11-01,48,46,43,45,39,36,82,66,26,10,29.86,29.76,0.18,
2014-11-02,48,45,42,38,29,21,82,39,35,16,30.03,29.74,0,
2014-11-03,62,52,41,30,24,17,55,19,26,6,30.14,30.05,0,
2014-11-04,69,62,55,39,26,19,42,19,17,0,30.17,30.02,0,
2014-11-05,64,61,57,42,36,28,57,27,21,0,30.14,30,0,
2014-11-06,59,54,48,52,46,35,96,37,16,0,30.12,29.6,0.34,
2014-11-07,52,47,41,45,35,27,80,50,29,5,29.94,29.57,0,
2014-11-08,48,43,38,32,26,22,59,41,18,5,30.05,29.92,0,
2014-11-09,57,52,47,36,34,31,65,36,16,0,30.02,29.9,0,
2014-11-10,61,52,42,44,36,30,82,32,14,0,30.19,30.03,0,
2014-11-11,64,56,47,57,52,45,93,67,15,0,30.13,29.91,0,
2014-11-12,66,56,46,57,52,34,100,51,22,0,30.08,29.87,0,
2014-11-13,48,43,37,36,31,26,92,45,14,0,30.12,29.99,0.17,
2014-11-14,43,40,36,36,26,17,92,36,23,9,30.18,29.96,0.03,
2014-11-15,42,38,34,22,19,15,61,33,17,4,30.37,30.19,0,
2014-11-16,44,40,35,32,23,18,62,40,14,0,30.39,30.12,0.02,
2014-11-17,53,46,39,49,41,34,100,67,26,0,30.08,29.51,1.49,
2014-11-18,46,35,24,34,10,2,65,26,31,13,30.11,29.6,0,
2014-11-19,35,29,22,15,7,3,50,29,24,5,30.28,30.07,0,
2014-11-20,46,39,32,23,17,10,48,30,26,6,30.04,29.84,0,
2014-11-21,37,33,28,14,11,9,50,35,29,5,30.51,30.04,0,
2014-11-22,44,37,29,21,14,9,50,30,20,5,30.5,30.21,0,
2014-11-23,55,50,44,48,29,21,89,30,17,0,30.22,30,0,
2014-11-24,66,58,49,59,55,46,97,72,33,8,29.97,29.58,0.61,
2014-11-25,67,59,51,57,35,26,73,32,23,7,30.16,29.74,0,
2014-11-26,51,43,34,36,33,29,92,41,25,6,30.2,29.77,1.07,
2014-11-27,38,37,35,33,30,25,82,64,24,6,30.06,29.85,0.01,
2014-11-28,37,33,29,25,19,13,72,45,26,9,30.27,30.06,0,
2014-11-29,44,37,29,33,17,12,65,40,14,0,30.37,30.22,0,
2014-11-30,54,49,44,40,34,30,65,44,16,0,30.2,30.07,0,
2014-12-01,64,53,41,46,41,27,71,52,23,4,30.46,30.06,0.05,
2014-12-02,43,39,35,41,31,19,89,48,21,9,30.63,30.3,0.11,
2014-12-03,47,44,41,43,40,27,100,57,26,0,30.26,29.98,0.1,
2014-12-04,45,41,37,25,22,20,54,40,20,8,30.53,30.22,0,
2014-12-05,47,41,34,44,34,22,96,54,20,0,30.59,30.34,0.52,
2014-12-06,49,45,40,46,43,36,100,80,23,0,30.32,30.1,1.29,
2014-12-07,41,36,30,36,20,1,85,31,29,14,30.62,30.22,0.03,
2014-12-08,37,31,25,31,20,1,82,28,25,13,30.69,30.36,0,
2014-12-09,45,41,36,41,37,32,96,76,36,17,30.32,29.65,2.68,
2014-12-10,41,37,32,38,33,24,92,64,24,8,29.68,29.58,0.05,
2014-12-11,37,34,31,27,23,20,72,48,26,7,29.87,29.61,0.03,
2014-12-12,38,35,32,25,23,21,64,54,23,10,29.99,29.88,0,
2014-12-13,44,40,35,30,27,23,70,46,23,9,29.98,29.88,0,
2014-12-14,45,42,38,32,30,30,76,58,23,7,29.98,29.86,0,
2014-12-15,49,43,37,36,31,29,85,53,12,0,30.12,29.98,0,
2014-12-16,49,43,36,43,38,33,92,71,14,4,30.12,29.83,0.16,
2014-12-17,53,48,42,43,38,27,92,53,22,0,29.89,29.8,0.03,
2014-12-18,43,41,38,28,26,23,64,49,26,12,29.99,29.88,0,
2014-12-19,38,35,32,27,23,21,70,52,22,9,30.2,29.96,0,
2014-12-20,33,32,30,23,21,20,69,56,14,0,30.31,30.19,0,
2014-12-21,36,34,32,30,27,23,82,66,12,4,30.34,30.27,0,
2014-12-22,45,40,35,43,36,30,96,76,17,4,30.33,30.16,0.04,
2014-12-23,46,45,43,45,43,41,100,86,18,5,30.17,30.07,0.18,
2014-12-24,55,49,43,54,45,42,100,92,18,0,30.07,29.53,0.67,
2014-12-25,63,54,45,59,40,28,93,41,29,0,30.12,29.48,0.07,
2014-12-26,50,45,40,30,29,28,60,46,18,6,30.25,30.13,0,
2014-12-27,55,49,42,38,33,30,71,43,13,0,30.27,30.07,0,
2014-12-28,52,47,42,43,37,28,89,56,18,0,30.07,29.88,0.1,
2014-12-29,44,40,35,28,22,18,60,36,18,6,30.26,30.09,0,
2014-12-30,35,32,28,21,14,9,61,43,17,0,30.41,30.27,0,
2014-12-31,32,30,27,15,9,6,58,36,20,0,30.36,30.19,0,
2015-01-01,39,33,27,18,10,5,44,27,23,8,30.19,29.99,0,
2015-01-02,42,39,35,22,18,15,56,36,25,7,30.46,30.02,0,
2015-01-03,41,36,31,40,29,19,100,50,16,5,30.6,30.09,0.67,
2015-01-04,57,49,41,52,44,30,100,83,30,0,30.07,29.66,0.31,
2015-01-05,50,36,22,28,13,3,53,27,32,13,30.41,29.8,0,
2015-01-06,22,20,18,14,10,1,80,41,21,0,30.43,30.02,0.05,
2015-01-07,25,18,10,12,5,-6,68,35,36,9,30.28,29.93,0,
2015-01-08,21,15,8,1,-3,-7,58,43,28,9,30.44,30.22,0,
2015-01-09,33,26,19,19,11,2,88,36,32,10,30.22,29.99,0.12,
2015-01-10,24,21,17,4,0,-3,49,34,22,9,30.59,30.24,0,
2015-01-11,37,28,19,18,6,-1,47,32,18,0,30.69,30.49,0,
2015-01-12,37,36,34,36,30,15,92,44,14,0,30.48,30.11,0.39,
2015-01-13,36,27,17,29,14,4,82,46,24,7,30.64,30.24,0,
2015-01-14,32,25,17,21,15,4,73,54,17,5,30.58,30.18,0,
2015-01-15,34,30,25,21,17,14,75,43,17,5,30.18,29.91,0,
2015-01-16,42,31,20,19,14,3,53,35,37,9,30.23,29.81,0,
2015-01-17,30,24,17,19,7,-2,58,27,22,4,30.4,30.23,0,
2015-01-18,43,36,29,40,33,20,100,63,18,0,30.22,29.7,1.98,
2015-01-19,42,40,37,32,26,20,82,44,28,9,29.88,29.72,0,
2015-01-20,40,36,32,24,20,10,59,41,18,5,30.05,29.86,0,
2015-01-21,35,30,25,16,10,5,55,30,12,4,30.19,30.06,0,
2015-01-22,39,35,31,24,21,14,78,47,20,0,30.33,30.15,0,
2015-01-23,39,34,28,26,19,15,64,44,23,4,30.35,29.99,0,
2015-01-24,40,36,32,34,30,23,96,54,24,0,29.95,29.28,0.73,
2015-01-25,42,36,30,28,19,9,70,30,25,8,30.0,29.5,0,
2015-01-26,30,26,22,24,18,5,96,42,29,8,30.03,29.69,0.25,
2015-01-27,28,24,19,22,17,9,88,62,28,10,29.85,29.64,0.21,
2015-01-28,34,26,17,11,7,2,67,34,21,7,30.27,29.86,0,
2015-01-29,36,29,21,27,15,2,75,36,13,0,30.34,30,0.01,
2015-01-30,37,29,20,30,22,7,92,50,36,5,30.01,29.82,0.07,
2015-01-31,26,20,13,8,4,0,61,33,35,9,30.21,30.02,0,
2015-02-01,36,28,20,29,18,7,92,47,16,0,30.23,30,0.02,
2015-02-02,33,24,15,31,23,5,92,61,32,7,29.97,29.4,1.08,
2015-02-03,28,21,14,12,8,4,67,46,26,4,30.32,29.99,0,
2015-02-04,41,32,23,31,22,11,70,55,13,4,30.32,29.92,0,
2015-02-05,40,27,14,30,14,-3,82,36,30,0,30.23,29.83,0,
2015-02-06,27,20,12,8,2,-2,64,37,23,7,30.28,30.1,0,
2015-02-07,36,31,26,27,19,10,85,46,15,4,30.17,29.99,0.01,
2015-02-08,36,33,30,32,30,25,96,75,20,6,29.99,29.86,0,
2015-02-09,31,29,26,23,21,19,81,69,24,12,30.03,29.94,0.07,
2015-02-10,39,33,26,25,20,18,75,54,21,8,30.06,30,0,
2015-02-11,33,28,22,17,13,10,65,39,21,0,30.1,29.92,0,
2015-02-12,40,29,17,28,20,1,78,46,33,4,29.92,29.7,0,
2015-02-13,22,16,9,0,-3,-5,63,33,33,6,30.18,29.96,0,
2015-02-14,32,24,16,23,14,-4,78,39,20,0,30.12,29.44,0.01,
2015-02-15,26,16,5,19,3,-9,75,39,37,15,30.12,29.44,0,
2015-02-16,21,13,4,-4,-7,-10,60,28,31,4,30.22,30.08,0,
2015-02-17,28,21,14,13,10,-4,80,35,15,0,30.05,29.86,0.13,
2015-02-18,31,25,18,21,14,9,71,46,16,0,29.94,29.73,0,
2015-02-19,27,18,9,12,0,-9,60,28,32,14,30.01,29.71,0,
2015-02-20,21,12,3,-2,-8,-14,49,31,30,7,30.5,30.04,0,
2015-02-21,32,23,14,29,16,-6,92,35,18,0,30.53,30.16,0.59,
2015-02-22,42,37,31,30,29,25,92,59,15,0,30.19,30.13,0.11,
2015-02-23,38,23,8,25,4,-9,59,32,28,10,30.41,30.18,0,
2015-02-24,25,16,6,14,0,-10,62,39,21,0,30.4,29.85,0,
2015-02-25,38,30,21,17,12,9,71,32,23,6,30.0,29.76,0,
2015-02-26,32,27,21,18,10,4,68,36,17,5,30.16,29.92,0,
2015-02-27,30,25,19,8,6,1,57,31,20,5,30.62,30.17,0,
2015-02-28,30,23,15,4,0,-2,51,29,20,0,30.82,30.64,0,
2015-03-01,30,27,24,26,18,2,88,32,16,0,30.72,30.15,0.48,
2015-03-02,38,33,28,27,19,11,85,35,31,0,30.37,30.02,0,
2015-03-03,36,30,24,32,21,9,89,46,18,0,30.46,29.81,0.72,
2015-03-04,47,42,36,39,35,32,92,70,16,0,29.91,29.74,0.25,
2015-03-05,41,31,20,36,23,5,92,46,24,5,30.38,29.89,0.6,
2015-03-06,28,22,15,8,4,2,59,33,21,0,30.55,30.35,0,
2015-03-07,39,30,20,20,12,5,57,38,18,5,30.34,30.06,0,
2015-03-08,49,42,35,29,24,19,64,34,25,0,30.15,30.02,0,
2015-03-09,54,45,36,31,25,22,62,32,20,0,30.26,30.11,0.02,
2015-03-10,54,44,33,37,31,25,92,56,12,0,30.32,29.99,0.42,
2015-03-11,60,49,37,43,36,21,100,32,24,0,30.09,29.91,0.02,
2015-03-12,47,42,37,24,9,1,49,15,32,9,30.6,30.1,0,
2015-03-13,43,37,31,29,13,1,64,21,17,6,30.67,30.37,0,
2015-03-14,51,44,37,48,41,29,93,57,16,0,30.35,29.7,1.02,
2015-03-15,47,42,37,41,29,24,82,49,33,10,29.99,29.7,0,
2015-03-16,51,44,36,35,27,23,70,36,18,0,30.04,29.79,0,
2015-03-17,54,44,34,42,30,10,71,33,38,0,29.93,29.55,0.01,
2015-03-18,38,33,28,18,12,9,53,32,32,6,30.19,29.93,0,
2015-03-19,42,36,29,13,7,2,50,19,21,5,30.35,30.2,0,
2015-03-20,38,34,29,29,21,3,92,28,21,6,30.36,30.13,0.28,
2015-03-21,48,39,29,35,29,25,92,58,24,0,30.12,29.89,0.01,
2015-03-22,44,36,28,29,14,7,54,27,24,12,30.17,29.92,0,
2015-03-23,38,31,24,9,7,2,50,21,24,8,30.26,30.17,0,
2015-03-24,44,35,26,26,11,6,70,25,14,0,30.39,30.27,0,
2015-03-25,48,40,32,39,27,14,85,26,21,0,30.42,30.16,0.05,
2015-03-26,57,48,38,53,44,36,93,86,18,0,30.13,29.59,0.24,
2015-03-27,46,43,40,39,34,25,89,49,22,5,29.79,29.67,0.28,
2015-03-28,41,34,27,25,22,17,69,51,24,10,30.12,29.76,0,
2015-03-29,46,37,27,24,9,2,63,16,18,4,30.29,30.12,0,
2015-03-30,55,45,34,33,24,10,70,30,28,7,30.11,29.76,0,
2015-03-31,47,42,36,34,30,21,85,37,17,0,29.9,29.76,0.14,
2015-04-01,51,43,34,32,20,14,82,26,20,5,30.21,29.82,0,
2015-04-02,63,51,39,36,27,12,50,27,23,0,30.26,29.92,0,
2015-04-03,63,58,53,57,49,36,93,39,20,0,29.88,29.62,0.04,
2015-04-04,60,52,44,54,34,15,93,26,26,6,30.15,29.46,0,
2015-04-05,62,53,43,35,25,18,65,25,26,5,30.27,30.08,0,
2015-04-06,60,50,39,42,37,34,85,49,16,0,30.33,30.13,0,
2015-04-07,57,50,42,43,41,39,89,55,22,0,30.33,30.12,0.17,
2015-04-08,46,42,38,39,33,24,92,45,22,9,30.38,30.24,0,
2015-04-09,44,41,37,39,35,33,100,70,21,4,30.35,30.23,0.01,
2015-04-10,57,48,39,52,42,37,100,77,18,0,30.25,29.76,0.24,
2015-04-11,57,51,45,45,32,27,66,35,31,9,30.21,29.82,0,
2015-04-12,65,55,44,39,30,18,66,19,20,0,30.34,30.22,0,
2015-04-13,65,56,47,47,38,33,72,39,24,0,30.37,30.17,0,
2015-04-14,65,59,53,53,42,27,77,24,23,0,30.19,30.07,0,
2015-04-15,70,61,51,39,24,17,59,15,24,0,30.35,30.1,0,
2015-04-16,62,55,47,43,29,19,66,19,16,0,30.49,30.26,0,
2015-04-17,71,63,55,54,50,42,86,49,17,5,30.24,29.89,0.08,
2015-04-18,79,67,54,45,41,27,66,22,22,0,30.05,29.85,0,
2015-04-19,61,54,47,37,31,25,66,27,17,5,30.27,30.07,0,
2015-04-20,59,52,45,55,48,39,100,76,36,7,30.14,29.6,0.95,
2015-04-21,67,60,52,54,43,25,86,22,23,0,29.77,29.55,0.23,
2015-04-22,67,58,48,47,38,29,71,34,28,0,29.8,29.53,0.1,
2015-04-23,50,46,42,32,25,20,62,36,30,8,29.84,29.67,0,
2015-04-24,50,45,39,22,21,20,48,29,29,14,29.93,29.83,0,
2015-04-25,60,50,39,36,25,21,61,23,18,4,29.93,29.69,0,
2015-04-26,61,53,45,35,30,26,61,28,20,0,29.71,29.65,0,
2015-04-27,60,55,49,36,33,30,56,32,24,7,29.72,29.63,0,
2015-04-28,72,62,51,39,36,32,63,27,25,5,29.8,29.7,0,
2015-04-29,76,62,48,43,39,33,80,21,26,0,29.75,29.62,0,
2015-04-30,64,56,47,42,39,37,82,39,21,6,29.92,29.73,0,
2015-05-01,59,54,48,43,40,38,77,51,16,0,29.99,29.93,0,
2015-05-02,69,59,48,43,40,38,77,37,20,0,30.05,29.95,0,
2015-05-03,76,64,51,47,40,35,62,25,22,0,30.15,30.04,0,
2015-05-04,82,68,54,50,45,41,77,24,23,4,30.21,30.11,0,
2015-05-05,81,73,64,55,51,44,63,38,16,0,30.22,30.14,0,
2015-05-06,69,64,58,52,43,35,64,32,13,0,30.3,30.19,0,
2015-05-07,76,64,52,52,45,37,86,27,16,0,30.24,30.13,0,
2015-05-08,79,67,54,58,53,45,93,38,17,0,30.21,30.12,0,
2015-05-09,64,59,53,58,54,51,100,75,15,4,30.33,30.22,0.01,
2015-05-10,82,70,57,64,61,56,100,54,18,0,30.24,30.11,0,
2015-05-11,83,75,67,66,65,63,84,58,22,4,30.14,29.96,0,
2015-05-12,87,75,63,67,58,43,90,26,31,0,29.93,29.74,0,
2015-05-13,67,61,54,44,40,37,54,40,26,10,30.27,29.9,0,
2015-05-14,72,62,52,37,33,21,59,15,17,0,30.4,30.28,0,
2015-05-15,74,65,56,43,39,32,59,27,23,0,30.33,30.2,0,
2015-05-16,75,66,57,60,55,40,90,43,13,0,30.22,30.09,0.27,
2015-05-17,83,72,61,66,63,59,97,47,13,0,30.15,30.07,0.02,
2015-05-18,71,64,56,63,55,50,100,65,22,0,30.21,30.09,0,
2015-05-19,82,69,55,63,56,53,93,54,24,6,30.08,29.75,0.01,
2015-05-20,66,61,55,51,40,35,62,39,25,9,30.0,29.84,0,
2015-05-21,62,58,53,45,37,31,71,32,15,0,30.02,29.88,0,
2015-05-22,75,65,55,46,40,33,72,27,25,5,30.14,29.85,0,
2015-05-23,70,60,50,44,31,22,57,17,26,4,30.42,30.16,0,
2015-05-24,81,69,56,51,44,33,58,19,21,5,30.36,30.23,0,
2015-05-25,83,74,65,58,55,49,67,40,22,6,30.27,30.15,0,
2015-05-26,86,77,67,61,58,51,66,43,18,8,30.22,30.12,0,
2015-05-27,81,74,67,65,62,60,81,58,25,0,30.17,30.07,0.02,
2015-05-28,84,76,67,66,62,54,81,42,17,4,30.24,30.1,0,
2015-05-29,82,73,64,60,55,53,81,39,14,5,30.3,30.22,0,
2015-05-30,83,75,66,64,62,60,81,51,25,0,30.22,30.05,0,
2015-05-31,86,72,57,68,63,55,93,51,25,6,30.13,30.01,1.28,
2015-06-01,58,55,51,55,53,49,93,86,23,7,30.16,30.08,0.77,
2015-06-02,56,53,50,52,49,46,93,83,21,7,30.19,30.09,0.35,
2015-06-03,69,61,53,51,49,46,89,48,15,5,30.26,30.17,0,
2015-06-04,65,60,54,49,48,46,83,56,17,5,30.29,30.21,0,
2015-06-05,68,62,56,55,51,48,78,63,13,0,30.2,29.92,0,
2015-06-06,74,67,59,61,52,34,93,25,26,0,30.08,29.84,0.55,
2015-06-07,73,65,57,50,43,35,65,31,21,0,30.22,30.09,0,
2015-06-08,77,70,62,65,58,53,79,56,24,7,30.11,29.78,0.04,
2015-06-09,85,76,67,66,62,54,93,37,23,5,29.79,29.63,0.01,
2015-06-10,82,74,66,59,57,51,73,39,20,0,29.9,29.79,0,
2015-06-11,92,82,72,68,63,58,68,41,20,7,29.92,29.83,0,
2015-06-12,88,80,71,69,64,54,73,42,18,5,29.99,29.81,0,
2015-06-13,84,78,72,69,60,51,69,34,22,4,30.02,29.78,0,
2015-06-14,87,77,67,62,58,53,81,37,20,0,30.07,30,0.26,
2015-06-15,81,72,63,70,65,61,93,74,22,4,30.04,29.91,0.55,
2015-06-16,79,72,64,70,63,60,87,60,16,0,29.97,29.8,0.34,
2015-06-17,79,73,66,59,57,54,73,45,15,7,30.13,30.06,0,
2015-06-18,71,68,65,61,58,54,81,63,15,4,30.12,29.95,0,
2015-06-19,85,76,67,66,63,59,84,44,15,0,29.99,29.86,0,
2015-06-20,73,69,64,63,59,52,93,59,16,5,30.09,29.92,0,
2015-06-21,90,80,69,72,68,64,93,44,31,4,29.84,29.68,0.54,
2015-06-22,89,81,72,67,60,55,74,36,22,4,29.98,29.83,0,
2015-06-23,92,84,76,73,68,60,74,47,35,6,29.94,29.73,0.07,
2015-06-24,83,76,69,60,55,52,61,37,20,5,30.03,29.88,0,
2015-06-25,85,77,69,60,51,46,60,28,17,0,30.08,29.96,0,
2015-06-26,80,75,70,61,58,54,68,42,20,0,30.07,29.9,0,
2015-06-27,74,67,60,60,56,47,90,41,25,0,30.12,29.85,1.06,
2015-06-28,74,68,62,63,60,57,93,57,31,0,29.85,29.66,0.26,
2015-06-29,78,71,64,57,54,53,67,43,22,7,29.94,29.74,0,
2015-06-30,82,75,67,68,60,53,73,42,25,0,29.99,29.84,0,
2015-07-01,85,78,70,70,63,57,87,40,23,0,29.86,29.74,0.35,
2015-07-02,81,76,70,61,58,56,68,42,14,4,29.92,29.86,0,
2015-07-03,81,74,67,62,54,48,73,33,15,0,29.99,29.88,0,
2015-07-04,75,72,69,63,58,42,78,31,13,0,30.01,29.94,0,
2015-07-05,85,78,70,65,61,58,78,40,17,0,30.14,30.03,0,
2015-07-06,83,77,71,67,65,61,84,47,16,0,30.17,30.09,0,
2015-07-07,88,82,75,72,70,66,87,50,22,6,30.08,29.93,0,
2015-07-08,89,83,76,72,69,67,82,50,18,0,29.95,29.91,0.09,
2015-07-09,79,74,68,71,65,60,90,62,15,4,30.01,29.8,0.29,
2015-07-10,84,78,72,72,62,55,93,40,20,0,30.0,29.78,0,
2015-07-11,86,79,72,60,56,51,61,32,12,0,30.09,30.01,0,
2015-07-12,89,81,73,62,59,55,68,34,14,0,30.05,29.94,0,
2015-07-13,85,80,74,64,61,54,64,40,16,0,29.95,29.8,0,
2015-07-14,81,76,71,73,68,61,90,56,17,0,29.79,29.56,0.95,
2015-07-15,81,77,72,72,69,53,93,46,22,0,29.87,29.55,0.01,
2015-07-16,80,72,64,56,50,45,57,32,20,5,30.07,29.89,0,
2015-07-17,80,74,68,61,58,56,70,45,21,5,30.11,30.02,0,
2015-07-18,86,79,72,72,68,62,74,61,16,7,30.02,29.86,0.18,
2015-07-19,94,86,78,74,70,67,74,44,18,0,29.87,29.73,0,
2015-07-20,95,89,83,73,68,63,70,39,18,4,29.73,29.65,0,
2015-07-21,92,84,75,68,63,57,69,32,22,0,29.66,29.57,0,
2015-07-22,86,79,71,60,52,48,60,29,23,8,29.88,29.66,0,
2015-07-23,85,78,71,54,51,47,53,29,18,5,29.94,29.87,0,
2015-07-24,85,78,71,56,51,43,57,24,14,0,29.96,29.89,0,
2015-07-25,85,78,71,66,58,53,74,37,16,0,30.01,29.94,0,
2015-07-26,89,82,75,66,61,58,69,41,23,5,30.0,29.93,0.05,
2015-07-27,87,82,76,68,65,59,71,51,20,5,30.03,29.97,0,
2015-07-28,94,85,76,69,65,56,79,28,13,0,30.01,29.93,0,
2015-07-29,95,87,78,71,66,60,69,33,21,0,29.99,29.9,0,
2015-07-30,87,81,75,75,72,71,79,61,25,0,29.93,29.78,1.62,
2015-07-31,91,83,74,72,58,50,87,26,16,0,29.87,29.79,0,
2015-08-01,90,84,77,60,57,52,54,27,22,6,29.85,29.76,0,
2015-08-02,89,81,73,64,58,50,64,28,20,0,29.93,29.85,0,
2015-08-03,92,84,76,66,60,57,60,34,22,7,29.86,29.76,0,
2015-08-04,91,81,70,68,60,50,79,26,31,4,29.9,29.81,0.3,
2015-08-05,88,77,65,65,57,51,79,29,20,0,29.95,29.84,0,
2015-08-06,82,76,70,57,52,49,57,33,14,4,29.99,29.9,0,
2015-08-07,82,76,69,61,57,53,66,37,16,0,29.93,29.88,0,
2015-08-08,87,75,69,61,57,54,73,39,13,0,30.0,29.92,0,
2015-08-09,84,77,70,62,58,50,73,32,15,0,30.05,29.97,0,
2015-08-10,81,76,70,64,61,55,78,42,20,5,30.06,29.96,0,
2015-08-11,82,77,71,71,67,63,90,62,22,4,29.94,29.72,1.18,
2015-08-12,85,79,72,66,59,55,74,37,20,7,29.94,29.78,0,
2015-08-13,83,76,69,59,53,46,66,28,14,0,30.11,29.94,0,
2015-08-14,88,80,71,59,55,49,54,31,20,0,30.17,30.09,0,
2015-08-15,92,83,74,66,61,57,64,32,22,0,30.12,30.05,0,
2015-08-16,92,85,77,68,65,62,64,38,21,0,30.12,30.04,0,
2015-08-17,93,86,79,68,65,63,58,38,16,0,30.09,29.99,0,
2015-08-18,89,83,77,71,66,60,79,38,23,0,30.04,29.97,0,
2015-08-19,87,82,76,72,70,65,87,51,21,5,30.04,30.01,0,
2015-08-20,87,82,77,72,70,66,79,51,23,8,30.04,29.96,0,
2015-08-21,86,79,71,73,66,56,94,37,21,4,30.05,29.92,0.32,
2015-08-22,84,77,70,59,54,49,61,34,15,0,30.11,30.04,0,
2015-08-23,83,77,71,68,64,57,79,54,13,0,30.03,29.92,0,
2015-08-24,86,80,73,69,64,58,82,40,16,0,29.92,29.84,0,
2015-08-25,88,82,75,71,64,52,69,37,20,4,29.89,29.8,0,
2015-08-26,83,76,69,57,53,47,61,28,20,5,30.01,29.9,0,
2015-08-27,80,74,68,56,54,51,63,39,17,5,30.12,30,0,
2015-08-28,83,75,66,56,53,49,68,35,13,0,30.19,30.12,0,
2015-08-29,85,78,70,60,56,51,61,34,18,0,30.21,30.1,0,
2015-08-30,90,81,72,69,64,58,74,40,24,0,30.11,30,0.08,
2015-08-31,92,85,77,67,65,62,69,38,18,0,30.03,29.94,0,
2015-09-01,88,82,76,67,65,60,69,40,15,0,30.06,29.99,0,
2015-09-02,88,82,75,71,66,62,79,46,18,0,30.05,29.88,0,
2015-09-03,93,85,76,70,64,56,74,30,10,0,29.88,29.81,0,
2015-09-04,84,77,70,68,65,61,74,51,21,4,30.21,29.9,0,
2015-09-05,80,74,67,62,57,47,76,32,16,4,30.29,30.21,0,
2015-09-06,84,76,67,61,57,48,81,33,15,0,30.23,30.14,0,
2015-09-07,90,81,71,69,63,56,79,34,18,4,30.13,29.99,0,
2015-09-08,95,86,76,70,65,61,69,33,22,0,30.03,29.93,0,
2015-09-09,89,83,76,73,70,66,87,59,21,5,29.97,29.81,0.14,
2015-09-10,79,75,70,72,69,67,93,79,22,4,29.86,29.71,1.04,
2015-09-11,81,74,66,67,62,59,87,49,17,0,29.81,29.69,0,
2015-09-12,79,75,70,68,65,61,90,54,23,0,29.83,29.65,0.17,
2015-09-13,79,71,62,67,60,49,84,45,24,0,29.86,29.64,0.05,
2015-09-14,75,67,59,49,47,45,62,38,24,7,30.19,29.88,0,
2015-09-15,84,75,65,59,51,48,58,31,13,0,30.32,30.2,0,
2015-09-16,87,78,68,59,55,50,68,28,13,0,30.33,30.22,0,
2015-09-17,87,79,70,63,56,52,73,29,16,0,30.21,30.06,0,
2015-09-18,85,78,70,64,57,54,73,34,15,0,30.06,29.97,0,
2015-09-19,80,75,69,68,64,60,84,54,18,5,30.0,29.86,0,
2015-09-20,76,71,65,67,54,43,79,33,22,7,30.11,29.86,0,
2015-09-21,73,66,59,49,45,37,62,29,22,6,30.23,30.1,0,
2015-09-22,72,67,61,56,50,44,63,38,18,5,30.29,30.23,0,
2015-09-23,79,69,59,55,50,44,78,30,13,0,30.27,30.19,0,
2015-09-24,81,72,63,58,52,47,63,37,18,0,30.34,30.22,0,
2015-09-25,73,69,64,58,53,46,78,41,20,6,30.39,30.32,0,
2015-09-26,70,65,59,55,50,44,78,40,20,6,30.48,30.36,0,
2015-09-27,69,63,56,59,53,47,78,60,16,5,30.47,30.32,0,
2015-09-28,79,72,65,66,62,59,87,58,14,4,30.3,30.12,0,
2015-09-29,83,77,71,72,69,67,93,62,15,0,30.12,29.87,0.08,
2015-09-30,78,69,59,73,66,50,93,67,29,7,29.96,29.66,1.03,
2015-10-01,64,59,54,53,49,46,80,60,24,10,30.15,29.97,0.09,
2015-10-02,57,53,49,50,46,44,86,71,32,16,30.26,30.14,1.15,
2015-10-03,56,53,49,49,47,46,93,72,35,20,30.35,30.23,0.36,
2015-10-04,63,58,53,48,45,42,77,48,28,13,30.35,30.24,0,
2015-10-05,65,59,52,49,46,42,77,56,18,4,30.24,30.09,0,
2015-10-06,73,64,55,52,47,41,77,35,13,0,30.09,29.94,0,
2015-10-07,73,66,59,52,51,50,75,44,14,0,30.05,29.95,0,
2015-10-08,68,64,60,56,51,48,84,52,13,4,30.15,30.04,0,
2015-10-09,78,70,62,64,59,54,87,54,29,4,30.08,29.74,0.5,
2015-10-10,65,59,52,50,40,34,67,34,23,4,30.13,29.9,0,
2015-10-11,70,62,53,51,44,40,67,37,16,5,30.06,29.86,0,
2015-10-12,76,66,56,55,49,41,73,29,17,0,29.87,29.71,0,
2015-10-13,73,68,62,58,55,49,78,52,17,4,29.7,29.51,0,
2015-10-14,68,63,58,49,45,42,62,42,17,8,29.87,29.64,0,
2015-10-15,64,58,52,43,39,36,66,34,16,7,30.02,29.88,0,
2015-10-16,64,60,55,47,40,35,72,36,23,7,30.03,29.89,0,
2015-10-17,55,49,43,39,31,22,71,32,22,9,30.22,30.02,0,
2015-10-18,50,45,39,28,25,19,60,31,24,6,30.38,30.21,0,
2015-10-19,53,45,37,32,25,21,59,30,18,5,30.5,30.27,0,
2015-10-20,71,60,49,40,36,32,61,27,20,8,30.26,30.14,0,
2015-10-21,76,67,57,54,45,40,72,31,14,0,30.31,30.22,0,
2015-10-22,76,67,57,50,47,46,67,38,21,5,30.23,30.04,0,
2015-10-23,65,56,46,50,36,29,60,31,23,9,30.36,30.09,0,
2015-10-24,57,49,41,46,38,30,72,53,14,5,30.41,30.2,0,
2015-10-25,68,60,51,53,47,35,86,47,22,6,30.26,30.03,0.03,
2015-10-26,59,54,48,38,34,29,66,33,15,4,30.5,30.27,0,
2015-10-27,59,53,46,44,38,31,71,46,12,4,30.58,30.48,0,
2015-10-28,70,61,51,65,56,43,90,71,31,8,30.46,29.65,1.25,
2015-10-29,74,66,58,66,51,30,93,26,30,7,29.74,29.55,0.01,
2015-10-30,60,54,48,38,32,30,50,36,22,10,30.12,29.76,0,
2015-10-31,56,50,43,41,33,30,68,41,14,0,30.24,30.06,0,
2015-11-01,65,59,53,52,47,37,72,54,17,5,30.05,29.85,0,
2015-11-02,63,60,56,50,44,39,77,46,13,0,30.12,30,0,
2015-11-03,73,62,51,51,46,41,83,31,12,0,30.25,30.11,0,
2015-11-04,70,63,55,54,50,45,86,44,13,0,30.38,30.25,0,
2015-11-05,71,64,57,64,59,54,93,73,10,0,30.31,30.12,0,
2015-11-06,75,70,65,63,62,57,87,68,23,4,30.11,29.81,0,
2015-11-07,72,63,54,53,44,33,61,43,21,5,30.14,29.91,0,
2015-11-08,58,53,48,35,32,29,61,35,22,0,30.42,30.17,0,
2015-11-09,60,53,46,45,35,26,65,27,14,0,30.47,30.3,0,
2015-11-10,59,56,52,54,50,43,93,61,29,6,30.28,29.74,0.27,
2015-11-11,57,54,50,49,47,45,89,67,23,5,29.96,29.73,0.23,
2015-11-12,60,56,51,54,50,41,89,67,28,4,29.96,29.53,0.01,
2015-11-13,59,54,48,38,30,21,55,30,31,14,29.82,29.57,0,
2015-11-14,49,46,43,29,26,22,53,34,33,8,30.26,29.84,0,
2015-11-15,59,51,42,32,29,25,57,33,17,6,30.31,30.17,0,
2015-11-16,68,60,51,41,36,28,59,30,16,0,30.33,30.16,0,
2015-11-17,53,47,41,35,32,27,65,38,23,5,30.57,30.35,0,
2015-11-18,59,52,45,50,42,35,72,55,17,5,30.55,30.32,0,
2015-11-19,64,60,55,61,57,50,93,77,28,6,30.32,29.93,1.16,
2015-11-20,64,56,47,61,35,22,87,28,22,7,30.23,29.93,0,
2015-11-21,54,49,43,42,31,26,66,42,16,5,30.29,29.94,0,
2015-11-22,56,50,44,50,36,24,77,36,23,4,29.94,29.85,0,
2015-11-23,44,40,36,25,19,11,56,27,24,7,30.24,29.89,0,
2015-11-24,47,40,33,26,21,17,61,34,17,0,30.53,30.25,0,
2015-11-25,49,45,40,34,28,24,60,45,10,0,30.81,30.55,0,
2015-11-26,60,51,41,52,43,31,93,58,10,0,30.82,30.64,0,
2015-11-27,65,57,48,51,48,42,96,48,15,0,30.62,30.22,0,
2015-11-28,62,53,44,49,45,36,89,62,15,4,30.22,30.11,0.03,
2015-11-29,48,43,38,36,27,22,76,37,18,7,30.4,30.21,0,
2015-11-30,46,40,34,37,30,22,70,54,20,7,30.45,30.31,0,
2015-12-01,53,49,45,46,44,39,93,71,17,7,30.3,30.01,0.33,
2015-12-02,57,51,45,55,49,44,100,86,17,0,29.99,29.65,0.14,
2015-12-03,56,51,45,45,34,28,77,42,28,7,30.23,29.64,0,
2015-12-04,52,48,44,32,31,29,62,44,17,7,30.58,30.24,0,
2015-12-05,52,48,43,35,32,31,65,44,9,0,30.69,30.58,0,
2015-12-06,53,47,40,37,34,31,76,44,10,0,30.6,30.25,0,
2015-12-07,55,49,43,35,32,27,70,35,15,0,30.24,30.04,0,
2015-12-08,49,45,41,34,32,30,70,56,16,0,30.14,30.05,0,
2015-12-09,55,47,39,48,39,32,86,54,16,0,30.17,29.99,0,
2015-12-10,61,57,52,48,45,42,83,51,13,0,30.0,29.93,0,
2015-12-11,61,55,49,48,46,44,89,57,13,4,30.01,29.89,0,
2015-12-12,66,60,53,50,48,46,77,52,12,0,30.15,30.03,0,
2015-12-13,62,58,53,52,48,45,83,62,16,0,30.17,30.1,0,
2015-12-14,64,58,51,61,53,46,100,77,17,0,30.09,29.42,0.28,
2015-12-15,64,58,52,61,45,37,93,42,31,7,29.87,29.36,0.11,
2015-12-16,52,49,45,46,38,32,71,50,20,5,30.15,29.91,0.04,
2015-12-17,59,55,50,55,52,43,93,74,17,0,30.06,29.65,0.89,
2015-12-18,57,48,39,52,37,19,93,44,25,6,29.85,29.66,0.01,
2015-12-19,41,39,36,22,18,15,48,37,24,10,30.28,29.85,0,
2015-12-20,44,40,36,22,20,16,48,31,26,7,30.52,30.28,0,
2015-12-21,57,49,40,46,33,21,66,44,18,5,30.42,30.09,0,
2015-12-22,62,59,55,57,53,47,93,67,17,4,30.11,29.89,0.18,
2015-12-23,63,57,50,61,52,48,96,86,18,0,30.21,29.84,1.45,
2015-12-24,72,66,59,64,60,53,97,63,23,0,30.12,29.83,0.01,
2015-12-25,64,59,54,58,54,49,93,72,9,0,30.24,30.1,0.03,
2015-12-26,59,53,47,45,36,31,67,41,18,6,30.5,30.27,0.01,
2015-12-27,62,54,46,57,49,35,100,61,22,0,30.27,29.78,0.15,
2015-12-28,48,42,35,33,26,20,70,41,23,8,30.53,30.11,0.05,
2015-12-29,48,41,34,45,38,28,93,82,23,0,30.41,29.92,0.45,
2015-12-30,48,44,40,45,40,37,92,82,14,4,30.34,30.06,0.17,
2015-12-31,50,47,43,45,38,29,93,53,22,5,30.1,30,0.03,
2016-01-01,43,40,36,29,24,16,60,44,23,9,30.07,29.98,0,
2016-01-02,41,38,34,21,19,16,52,40,21,7,30.1,29.96,0,
2016-01-03,47,42,36,25,23,20,56,34,22,8,29.94,29.79,0,
2016-01-04,38,27,15,25,13,6,61,39,29,13,30.32,29.87,0,
2016-01-05,30,22,13,7,3,-1,67,29,25,0,30.63,30.46,0,
2016-01-06,43,35,26,14,7,2,50,18,14,0,30.59,30.41,0,
2016-01-07,48,40,32,27,15,8,53,25,10,0,30.38,30.19,0,
2016-01-08,48,41,34,36,29,18,70,40,20,5,30.24,30.17,0,
2016-01-09,47,44,41,43,39,34,89,70,20,6,30.21,30.06,0,
2016-01-10,59,51,42,56,47,24,93,49,30,7,30.01,29.29,1.42,
2016-01-11,42,35,28,22,10,3,49,27,26,10,30.12,29.63,0,
2016-01-12,45,36,26,30,16,5,70,33,33,0,30.11,29.65,0,
2016-01-13,31,28,24,9,6,4,50,32,33,10,30.03,29.75,0,
2016-01-14,39,32,24,24,14,3,59,39,20,4,29.99,29.9,0,
2016-01-15,52,43,34,41,34,22,89,56,20,0,29.95,29.54,0.01,
2016-01-16,52,47,42,41,37,30,89,50,24,6,29.76,29.34,0.25,
2016-01-17,44,38,31,31,24,19,85,52,20,6,29.9,29.69,0.05,
2016-01-18,33,27,20,24,9,0,72,29,31,12,29.99,29.68,0,
2016-01-19,30,24,18,15,6,2,52,38,32,15,30.13,29.98,0,
2016-01-20,38,34,30,18,17,16,58,40,28,7,30.22,30.07,0,
2016-01-21,38,33,27,16,14,10,58,37,23,8,30.25,30.07,0,
2016-01-22,30,26,22,20,8,6,50,36,21,7,30.32,30.12,0,
2016-01-23,28,27,25,26,23,17,92,63,38,12,30.1,29.61,2.4,
2016-01-24,36,30,24,18,13,9,63,38,31,6,30.1,29.74,0.03,
2016-01-25,38,34,30,26,20,16,64,44,10,0,30.31,30.12,0,
2016-01-26,49,42,35,32,31,28,76,53,15,0,30.21,29.93,0,
2016-01-27,48,41,34,33,25,19,70,37,24,4,30.13,29.92,0.01,
2016-01-28,44,37,29,26,21,18,64,36,16,0,30.14,29.68,0,
2016-01-29,42,37,32,28,23,17,60,48,29,0,29.84,29.45,0,
2016-01-30,40,35,30,23,18,16,58,37,24,4,30.09,29.87,0,
2016-01-31,56,47,37,39,30,24,76,35,12,4,29.99,29.79,0,
2016-02-01,59,51,43,41,35,26,76,41,18,5,30.08,29.73,0,
2016-02-02,52,45,38,33,27,24,65,35,12,0,30.38,30.1,0,
2016-02-03,57,50,42,54,48,32,93,57,31,4,30.32,29.83,0.69,
2016-02-04,58,51,44,54,42,27,93,46,24,0,30.08,29.86,0.01,
2016-02-05,44,38,32,32,26,16,89,40,28,10,30.32,30.04,0.35,
2016-02-06,39,36,32,23,19,17,56,29,14,4,30.44,30.26,0,
2016-02-07,46,40,33,31,25,22,70,37,22,0,30.24,29.91,0,
2016-02-08,41,35,28,29,26,23,85,50,24,7,29.86,29.73,0.06,
2016-02-09,36,32,27,26,23,21,78,61,16,0,29.75,29.57,0,
2016-02-10,40,36,32,30,24,15,82,44,22,4,29.75,29.58,0.01,
2016-02-11,32,26,20,20,6,-2,75,32,32,13,30.2,29.75,0.05,
2016-02-12,27,22,17,8,1,-1,49,32,18,4,30.27,29.93,0,
2016-02-13,24,16,8,12,1,-9,68,31,36,13,30.32,29.87,0,
2016-02-14,17,9,1,-7,-11,-14,60,27,33,6,30.56,30.32,0,
2016-02-15,35,25,15,34,13,-11,100,30,17,0,30.57,30.09,0.49,
2016-02-16,57,46,35,54,45,27,100,60,32,0,30.06,29.4,0.8,
2016-02-17,41,39,36,27,25,23,64,54,21,8,30.19,29.79,0,
2016-02-18,37,33,28,22,10,4,61,25,22,7,30.55,30.21,0,
2016-02-19,40,33,25,32,17,6,70,32,17,4,30.61,30.19,0,
2016-02-20,62,51,40,37,32,27,79,35,18,5,30.14,29.8,0,
2016-02-21,57,50,42,38,33,30,76,38,17,0,29.98,29.81,0.05,
2016-02-22,53,46,38,32,28,23,76,32,18,0,30.27,29.97,0,
2016-02-23,41,39,36,34,31,19,92,48,29,10,30.32,30.19,0.21,
2016-02-24,61,49,36,57,43,34,93,85,41,8,30.17,29.31,1.55,
2016-02-25,61,50,39,55,41,29,96,50,41,7,29.55,29.23,0.02,
2016-02-26,40,35,29,21,13,5,64,29,30,14,30.11,29.58,0,
2016-02-27,42,35,28,20,14,10,50,32,24,4,30.14,29.98,0,
2016-02-28,61,50,39,35,26,20,61,27,20,7,29.99,29.74,0,
2016-02-29,61,52,42,42,33,24,76,35,24,4,29.94,29.61,0.07,
2016-03-01,53,47,40,47,27,13,77,28,23,6,30.19,29.63,0,
2016-03-02,56,43,30,47,26,11,86,32,33,8,30.1,29.45,0.17,
2016-03-03,37,32,27,20,10,4,52,26,26,4,30.27,30.14,0,
2016-03-04,39,35,30,28,25,17,85,52,21,0,30.17,30,0.08,
2016-03-05,41,36,30,22,14,4,56,22,17,0,30.23,30.1,0,
2016-03-06,47,40,33,25,15,9,56,32,10,0,30.31,30.22,0,
2016-03-07,61,49,37,36,31,26,70,36,21,5,30.29,29.97,0,
2016-03-08,64,54,43,41,37,33,82,36,15,0,30.16,30.06,0,
2016-03-09,75,58,41,44,40,38,89,29,15,0,30.16,29.99,0,
2016-03-10,78,70,62,54,47,45,58,30,16,4,30.02,29.86,0,
2016-03-11,66,58,49,54,43,31,86,36,25,0,30.33,29.88,0.04,
2016-03-12,57,49,41,40,33,28,57,41,16,4,30.35,30,0,
2016-03-13,64,57,50,40,34,26,66,25,14,0,30.13,29.97,0.01,
2016-03-14,52,47,41,40,37,30,83,56,30,9,30.14,29.9,0.18,
2016-03-15,57,51,44,45,43,41,92,61,25,0,29.87,29.77,0,
2016-03-16,65,55,45,46,44,41,86,48,15,0,29.87,29.75,0.02,
2016-03-17,64,55,45,43,38,30,92,32,30,0,29.89,29.75,0.04,
2016-03-18,57,50,43,34,27,22,53,26,31,10,29.97,29.78,0,
2016-03-19,47,42,37,24,16,9,48,21,20,0,30.15,29.99,0,
2016-03-20,42,38,33,31,21,11,82,30,23,7,30.19,29.95,0.07,
2016-03-21,50,42,33,32,24,12,89,23,30,4,30.04,29.76,0.07,
2016-03-22,56,47,37,35,22,16,54,22,21,9,30.2,30.01,0,
2016-03-23,71,60,49,41,32,28,64,20,17,0,30.05,29.92,0,
2016-03-24,53,49,44,42,38,35,92,54,23,8,30.11,29.87,0,
2016-03-25,73,59,44,58,47,35,93,39,20,0,30.04,29.7,0.07,
2016-03-26,51,45,39,36,31,26,70,48,17,6,30.4,30.07,0,
2016-03-27,54,49,43,37,35,34,76,50,15,4,30.41,30.17,0,
2016-03-28,63,53,43,47,40,30,89,36,38,0,30.1,29.5,0.51,
2016-03-29,53,48,42,31,22,13,53,24,35,12,30.22,29.7,0,
2016-03-30,53,46,39,35,21,13,61,21,23,0,30.38,30.16,0,
2016-03-31,70,60,49,54,44,25,80,39,24,6,30.14,29.78,0,
2016-04-01,79,68,56,59,54,44,93,45,22,0,29.77,29.46,0.01,
2016-04-02,61,55,48,46,43,38,86,54,18,4,29.65,29.29,0.13,
2016-04-03,50,43,35,44,20,7,80,25,43,6,30.05,29.23,0.11,
2016-04-04,45,38,31,40,30,14,89,37,21,8,30.06,29.8,0.5,
2016-04-05,43,35,27,23,11,4,69,22,28,7,30.38,30.07,0,
2016-04-06,48,40,32,39,18,7,76,25,30,0,30.41,29.98,0,
2016-04-07,60,54,47,52,45,38,86,51,31,6,29.96,29.37,0.15,
2016-04-08,51,46,41,37,27,20,61,34,26,7,29.79,29.47,0,
2016-04-09,44,41,38,36,28,19,85,44,20,0,29.99,29.73,0.07,
2016-04-10,50,42,33,31,19,13,58,24,24,6,30.33,30.05,0,
2016-04-11,61,53,44,46,39,29,77,46,22,7,30.32,29.98,0.01,
2016-04-12,58,52,46,54,39,22,89,32,26,7,30.28,29.91,0.22,
2016-04-13,57,50,42,34,27,23,60,30,17,0,30.43,30.3,0,
2016-04-14,61,52,43,35,31,21,76,22,16,0,30.4,30.28,0,
2016-04-15,63,54,44,37,30,19,76,20,16,0,30.47,30.36,0,
2016-04-16,65,55,45,37,28,16,76,15,16,0,30.48,30.38,0,
2016-04-17,74,61,48,39,32,23,71,17,15,0,30.46,30.26,0,
2016-04-18,80,65,49,40,34,28,66,16,18,0,30.27,30.06,0,
2016-04-19,69,63,56,43,33,21,44,18,24,0,30.14,29.94,0,
2016-04-20,67,59,51,37,25,11,51,11,18,4,30.27,30.16,0,
2016-04-21,70,60,50,49,36,24,56,23,18,6,30.22,29.96,0,
2016-04-22,78,70,61,57,54,47,72,45,16,0,29.97,29.8,0,
2016-04-23,69,62,55,61,49,31,93,36,21,0,29.95,29.76,0.14,
2016-04-24,67,58,48,41,25,17,64,16,20,0,30.11,29.97,0,
2016-04-25,68,60,51,47,40,32,71,32,14,4,30.05,29.85,0,
2016-04-26,57,52,47,50,47,40,89,72,23,4,29.87,29.65,0.3,
2016-04-27,60,54,47,44,40,37,76,51,17,0,29.95,29.87,0,
2016-04-28,59,54,48,45,32,22,71,24,15,4,30.07,29.91,0,
2016-04-29,59,53,47,40,34,19,66,23,20,0,30.15,30.04,0.02,
2016-04-30,63,55,47,39,37,31,71,30,16,0,30.24,30.14,0,
2016-05-01,52,49,45,45,42,34,93,50,17,4,30.24,30.09,0.15,
2016-05-02,62,54,45,52,47,43,93,64,10,0,30.07,29.89,0.04,
2016-05-03,55,53,51,53,51,48,100,89,20,0,29.92,29.8,0.75,
2016-05-04,54,52,49,51,48,45,100,80,20,5,29.83,29.72,0.03,
2016-05-05,58,53,47,48,46,44,93,66,21,9,29.74,29.63,0,
2016-05-06,55,52,49,52,49,46,100,83,26,8,29.82,29.65,0.56,
2016-05-07,57,53,49,52,50,48,100,77,18,6,29.82,29.73,0,
2016-05-08,65,57,49,54,43,32,100,30,31,0,29.94,29.64,0.15,
2016-05-09,74,64,54,37,32,30,47,22,29,5,30.12,29.92,0,
2016-05-10,65,58,51,33,31,27,44,27,17,0,30.27,30.15,0,
2016-05-11,74,64,53,50,41,33,83,25,15,0,30.19,30.09,0,
2016-05-12,78,67,56,54,46,37,86,27,14,0,30.16,30.01,0,
2016-05-13,67,63,58,64,58,51,100,75,14,0,30.01,29.76,0.25,
2016-05-14,73,61,49,61,52,33,93,22,32,0,29.8,29.59,0,
2016-05-15,59,53,47,46,36,30,66,36,35,14,29.97,29.65,0,
2016-05-16,68,56,44,33,29,25,58,22,33,7,30.13,29.99,0,
2016-05-17,68,62,56,51,42,31,80,32,20,6,30.2,30.12,0,
2016-05-18,69,62,55,51,43,38,86,37,15,0,30.16,30.09,0,
2016-05-19,71,64,56,49,45,41,67,41,17,0,30.13,30.06,0,
2016-05-20,78,68,57,48,44,38,67,27,17,4,30.26,30.14,0,
2016-05-21,67,62,56,56,50,43,100,42,16,0,30.19,29.89,0.07,
2016-05-22,71,63,54,56,53,47,100,48,14,4,29.9,29.81,0.11,
2016-05-23,77,67,56,58,54,48,100,52,16,0,29.94,29.86,0,
2016-05-24,76,68,60,63,58,54,100,57,17,0,29.98,29.86,0.28,
2016-05-25,90,75,60,59,52,45,84,21,18,0,30.07,29.99,0,
2016-05-26,92,74,55,64,57,53,79,28,20,0,30.11,30.02,0,
2016-05-27,88,78,67,70,67,63,84,57,21,0,30.06,30,0,
2016-05-28,92,83,73,71,67,63,74,43,21,5,30.12,30.06,0,
2016-05-29,87,79,70,71,65,56,93,37,22,5,30.14,30.05,0,
2016-05-30,86,78,69,73,70,64,100,74,17,0,30.04,29.92,1.53,
2016-05-31,84,77,69,72,67,61,93,54,15,4,29.97,29.91,0,
2016-06-01,83,74,65,66,58,53,73,37,15,0,30.15,29.98,0,
2016-06-02,74,68,62,64,60,55,93,55,17,6,30.16,30.07,0,
2016-06-03,72,68,63,64,61,57,87,73,12,4,30.09,30.02,0.02,
2016-06-04,83,75,66,67,64,61,87,55,15,0,30.03,29.9,0.27,
2016-06-05,74,71,67,69,64,61,97,73,32,4,29.91,29.61,0.67,
2016-06-06,87,78,68,65,59,54,87,31,21,6,29.69,29.63,0,
2016-06-07,87,77,66,64,56,49,73,26,30,5,29.61,29.44,0.01,
2016-06-08,70,63,55,54,48,43,86,40,29,9,29.79,29.58,0.44,
2016-06-09,74,65,56,46,40,35,62,25,30,12,29.92,29.78,0,
2016-06-10,78,69,59,45,39,36,46,23,22,4,30.03,29.92,0,
2016-06-11,90,77,64,70,55,41,73,35,21,0,30.04,29.69,0.1,
2016-06-12,86,75,63,65,52,34,84,15,36,0,29.79,29.6,0,
2016-06-13,74,67,59,51,48,45,62,41,28,12,29.88,29.78,0,
2016-06-14,81,71,60,53,47,40,69,27,20,6,29.96,29.84,0,
2016-06-15,87,77,66,59,50,38,58,20,21,0,29.99,29.83,0,
2016-06-16,77,73,68,65,60,55,84,53,10,0,29.83,29.73,0.12,
2016-06-17,80,73,66,62,54,41,87,29,16,0,30.12,29.78,0,
2016-06-18,86,75,63,57,51,48,63,27,20,0,30.29,30.12,0,
2016-06-19,84,76,68,59,56,52,66,43,17,0,30.3,30.24,0,
2016-06-20,83,75,66,64,61,57,81,45,20,0,30.23,29.86,0,
2016-06-21,89,81,73,65,55,45,55,29,31,5,29.84,29.74,0,
2016-06-22,86,77,67,59,51,47,73,27,28,0,29.92,29.79,0,
2016-06-23,81,75,68,66,60,51,74,43,15,4,29.91,29.8,0,
2016-06-24,85,77,68,65,58,52,84,32,20,4,30.11,29.88,0,
2016-06-25,83,74,65,62,56,47,87,32,15,6,30.2,30.11,0,
2016-06-26,86,78,70,61,56,46,73,32,20,0,30.23,30.11,0,
2016-06-27,84,77,69,69,61,50,93,44,24,7,30.12,29.98,0.28,
2016-06-28,78,74,70,70,69,64,93,79,17,4,29.99,29.87,0.33,
2016-06-29,87,79,70,68,63,55,90,35,18,0,29.93,29.84,0,
2016-06-30,87,79,70,63,58,51,66,29,20,0,30.02,29.94,0,
2016-07-01,81,76,70,71,66,57,84,54,21,0,30.02,29.84,0.28,
2016-07-02,78,73,68,69,55,47,93,32,24,5,30.05,29.84,0,
2016-07-03,82,76,69,58,53,45,61,28,18,0,30.12,30.04,0,
2016-07-04,86,78,69,68,60,47,90,28,22,0,30.08,29.92,0.51,
2016-07-05,89,79,69,70,68,65,100,44,14,0,29.91,29.75,0.57,
2016-07-06,96,87,77,71,67,62,74,36,18,0,29.88,29.8,0,
2016-07-07,93,84,75,74,71,67,85,44,20,0,29.82,29.72,0.02,
2016-07-08,86,78,69,72,70,63,93,65,18,0,29.86,29.74,0.01,
2016-07-09,74,70,66,67,64,60,100,73,16,4,29.88,29.81,0.41,
2016-07-10,81,75,68,68,64,60,100,51,22,0,29.96,29.8,0,
2016-07-11,83,76,69,63,59,55,73,40,13,5,30.1,29.98,0,
2016-07-12,84,78,71,67,63,60,79,47,22,5,30.14,30.05,0,
2016-07-13,86,80,73,70,67,64,82,55,22,5,30.08,29.99,0,
2016-07-14,91,83,75,75,73,70,88,63,32,4,30.0,29.79,0.5,
2016-07-15,92,87,82,73,68,62,74,38,17,0,29.92,29.81,0,
2016-07-16,92,85,77,70,65,61,67,36,23,5,30.05,29.91,0,
2016-07-17,93,85,77,69,66,59,67,40,21,0,30.1,30.04,0,
2016-07-18,97,88,78,72,67,60,74,39,29,0,30.09,29.98,0.12,
2016-07-19,88,82,76,71,57,49,79,31,23,6,30.16,29.99,0,
2016-07-20,85,78,71,60,54,50,57,33,16,4,30.24,30.13,0,
2016-07-21,91,83,75,67,62,53,69,28,22,5,30.17,30.03,0,
2016-07-22,98,87,76,71,68,66,76,38,21,8,30.02,29.77,0,
2016-07-23,99,91,82,69,61,54,55,25,25,6,29.88,29.77,0,
2016-07-24,94,85,76,68,63,56,64,28,20,4,29.98,29.91,0,
2016-07-25,94,86,77,76,71,64,91,52,20,4,29.95,29.81,0.79,
2016-07-26,94,85,75,71,66,61,82,42,21,6,29.92,29.85,0,
2016-07-27,94,86,77,70,63,59,69,32,16,4,29.95,29.87,0,
2016-07-28,94,86,78,73,69,58,85,30,22,0,29.92,29.84,0,
2016-07-29,85,78,71,73,69,66,93,59,18,4,29.92,29.81,1.02,
2016-07-30,84,80,75,73,71,68,88,67,17,4,30.05,29.92,0.18,
2016-07-31,83,78,72,73,72,69,94,69,18,6,30.04,29.98,0.57,
2016-08-01,80,76,71,70,66,62,93,64,18,6,30.07,30.01,0,
2016-08-02,78,75,71,65,62,58,79,57,21,6,30.14,30.04,0,
2016-08-03,82,75,68,63,60,53,81,39,15,5,30.19,30.12,0,
2016-08-04,84,77,70,66,61,56,90,40,15,0,30.18,30.08,0,
2016-08-05,86,79,72,64,62,59,68,44,21,0,30.08,29.86,0,
2016-08-06,91,83,75,72,68,61,79,51,22,6,29.86,29.68,0,
2016-08-07,89,82,74,61,59,55,64,34,17,7,29.94,29.78,0,
2016-08-08,87,81,75,68,61,57,74,40,15,4,30.11,29.94,0,
2016-08-09,89,82,75,71,63,52,79,29,18,0,30.21,30.12,0,
2016-08-10,89,83,76,77,74,72,88,63,17,6,30.21,30.08,0.06,
2016-08-11,97,88,78,78,74,71,79,49,30,5,30.09,29.96,0.35,
2016-08-12,98,87,76,76,73,71,87,45,28,0,30.0,29.83,0.28,
2016-08-13,98,91,84,78,76,72,80,45,21,0,29.92,29.82,0,
2016-08-14,98,90,81,75,72,70,70,42,32,0,30.03,29.87,0.01,
2016-08-15,93,86,78,73,70,64,79,39,14,0,30.19,30.03,0,
2016-08-16,91,85,78,77,74,70,79,55,23,0,30.18,29.99,0.13,
2016-08-17,86,83,79,76,67,62,79,48,31,6,30.03,29.95,0,
2016-08-18,88,82,75,71,66,62,74,46,13,0,30.01,29.91,0.02,
2016-08-19,89,83,77,71,68,65,76,46,16,0,29.95,29.88,0.02,
2016-08-20,85,80,75,72,70,67,87,58,21,0,29.94,29.89,0.12,
2016-08-21,89,83,76,75,71,66,91,47,22,4,29.91,29.76,0.13,
2016-08-22,79,75,70,68,57,48,79,40,26,7,30.21,29.8,0,
2016-08-23,84,76,67,60,52,47,58,31,16,0,30.32,30.22,0,
2016-08-24,89,80,71,65,60,56,66,32,20,0,30.29,30.16,0,
2016-08-25,86,80,73,72,65,60,74,47,22,6,30.15,29.99,0.01,
2016-08-26,91,84,77,72,69,64,79,44,22,4,30.07,29.96,0,
2016-08-27,89,83,76,64,60,55,60,34,14,5,30.22,30.08,0,
2016-08-28,89,82,74,70,64,57,87,36,16,5,30.26,30.15,0,
2016-08-29,91,84,77,68,62,57,69,34,18,6,30.16,30.05,0,
2016-08-30,86,79,72,70,62,57,76,42,17,7,30.17,30.04,0,
2016-08-31,90,83,76,72,68,61,87,40,17,0,30.04,29.87,0,
2016-09-01,80,77,73,70,67,60,87,62,17,0,29.94,29.82,0.34,
2016-09-02,83,76,68,58,56,53,66,40,17,7,30.14,29.96,0,
2016-09-03,76,73,69,65,60,56,79,54,21,7,30.19,30.13,0,
2016-09-04,81,74,66,60,55,50,78,36,23,7,30.24,30.16,0,
2016-09-05,84,76,67,60,54,48,56,39,25,9,30.22,29.96,0,
2016-09-06,82,77,72,68,62,54,74,43,26,12,29.99,29.91,0.01,
2016-09-07,86,79,72,70,68,65,90,51,20,5,29.99,29.93,0,
2016-09-08,88,81,73,74,70,67,87,55,15,0,29.94,29.81,0,
2016-09-09,93,85,77,73,70,67,79,44,16,4,29.99,29.81,0.05,
2016-09-10,91,84,76,74,73,69,88,59,17,0,30.01,29.9,0,
2016-09-11,84,77,70,73,62,46,79,33,28,7,30.15,29.86,0,
2016-09-12,78,71,64,58,52,48,66,41,15,6,30.26,30.17,0,
2016-09-13,82,75,68,62,59,57,73,45,20,0,30.24,30.1,0,
2016-09-14,92,81,70,68,62,55,79,32,29,0,30.13,29.96,0.37,
2016-09-15,75,69,63,54,49,43,63,33,20,6,30.28,30.16,0,
2016-09-16,75,70,64,55,53,50,73,44,14,4,30.34,30.26,0,
2016-09-17,78,71,64,66,59,53,79,43,16,0,30.27,30.09,0,
2016-09-18,85,79,72,71,68,63,87,59,17,5,30.09,29.99,0,
2016-09-19,77,75,72,72,69,67,87,82,16,0,30.08,29.99,0.78,
2016-09-20,84,78,71,70,67,63,90,51,12,0,30.12,30.06,0,
2016-09-21,85,79,73,70,58,50,87,31,12,0,30.19,30.1,0,
2016-09-22,86,78,70,59,53,44,61,26,12,4,30.18,30.08,0,
2016-09-23,89,78,66,64,58,50,70,29,17,0,30.07,29.91,0.24,
2016-09-24,72,66,59,63,52,42,87,35,22,5,30.14,29.99,0.2,
2016-09-25,71,65,58,46,39,31,57,26,15,4,30.2,30.12,0,
2016-09-26,73,65,57,60,48,40,73,41,21,0,30.2,29.99,0,
2016-09-27,76,71,66,65,60,49,87,38,17,0,29.97,29.87,0.15,
2016-09-28,71,66,60,64,59,55,87,63,25,4,30.25,29.98,0,
2016-09-29,67,64,60,57,54,52,90,58,31,16,30.38,30.24,0,
2016-09-30,64,61,58,59,56,53,90,72,35,14,30.35,30.23,0.39,
2016-10-01,64,61,58,58,56,55,93,78,23,10,30.23,30.14,0,
2016-10-02,65,62,58,60,57,54,93,78,15,4,30.14,30.02,0,
2016-10-03,73,68,62,62,58,56,90,57,13,0,30.11,29.98,0,
2016-10-04,71,67,62,62,56,52,87,57,23,6,30.32,30.12,0,
2016-10-05,69,62,55,54,50,45,78,48,18,5,30.37,30.26,0,
2016-10-06,75,67,59,56,53,39,87,27,13,0,30.32,30.26,0,
2016-10-07,77,69,60,58,55,40,90,31,14,0,30.31,30.18,0,
2016-10-08,69,65,61,66,62,57,90,76,14,0,30.16,29.97,0.14,
2016-10-09,67,61,54,64,50,40,90,51,28,5,30.08,29.94,0.48,
2016-10-10,65,58,50,40,34,29,61,29,23,6,30.37,30.07,0,
2016-10-11,64,57,49,49,41,33,72,46,13,5,30.48,30.4,0,
2016-10-12,69,63,56,55,50,47,84,48,13,0,30.39,30.19,0,
2016-10-13,70,63,56,57,54,42,93,57,21,0,30.18,30.04,0,
2016-10-14,64,57,50,41,37,33,66,31,20,5,30.39,30.19,0,
2016-10-15,66,58,49,48,42,36,67,43,13,0,30.45,30.31,0,
2016-10-16,74,65,55,57,52,48,86,49,16,5,30.31,30.01,0,
2016-10-17,83,75,66,62,59,57,78,46,14,0,30.01,29.85,0,
2016-10-18,82,75,68,64,62,61,76,54,16,0,29.94,29.82,0,
2016-10-19,86,77,68,64,59,47,73,33,16,4,30.13,29.86,0,
2016-10-20,73,68,63,65,58,51,87,55,17,6,30.15,29.97,0,
2016-10-21,71,66,61,67,65,60,93,84,22,0,29.94,29.41,1.81,
2016-10-22,62,56,49,58,44,32,83,48,31,14,29.67,29.37,0.31,
2016-10-23,64,56,48,42,34,29,53,36,33,8,29.88,29.68,0,
2016-10-24,64,57,50,47,41,33,77,39,29,4,30.14,29.78,0,
2016-10-25,55,51,46,36,31,26,61,38,29,10,30.35,30.13,0,
2016-10-26,52,47,41,29,27,23,57,38,20,9,30.45,30.35,0,
2016-10-27,58,50,42,54,43,24,93,45,17,0,30.46,29.99,1.32,
2016-10-28,54,49,44,54,39,33,89,52,33,7,30.22,29.99,0,
2016-10-29,66,55,44,51,39,32,65,42,20,0,30.21,29.89,0,
2016-10-30,78,68,57,59,55,51,84,48,28,0,29.94,29.77,0.76,
2016-10-31,57,52,47,51,35,31,67,38,24,5,30.31,29.94,0,
2016-11-01,61,53,44,46,41,33,76,46,13,4,30.38,30.3,0,
2016-11-02,72,64,56,56,51,46,77,53,13,4,30.3,30.1,0,
2016-11-03,75,67,59,57,53,45,78,51,25,0,30.08,29.83,0,
2016-11-04,62,57,51,47,37,28,67,29,23,8,30.23,29.96,0,
2016-11-05,64,56,48,44,38,29,61,41,20,6,30.24,30.12,0,
2016-11-06,60,54,47,45,36,28,66,37,22,12,30.4,30.09,0,
2016-11-07,58,51,43,32,29,24,62,30,20,4,30.49,30.3,0,
2016-11-08,70,59,47,40,34,31,61,23,12,0,30.29,29.9,0,
2016-11-09,63,57,51,52,45,35,83,34,20,0,29.94,29.8,0.02,
2016-11-10,58,51,44,39,32,24,68,28,21,7,30.04,29.71,0,
2016-11-11,63,54,44,40,31,23,50,35,36,9,30.15,29.65,0,
2016-11-12,52,46,40,24,22,19,50,28,23,6,30.33,30.17,0,
2016-11-13,64,54,43,26,24,19,49,18,20,6,30.16,30.02,0,
2016-11-14,64,57,50,29,22,18,33,19,17,0,30.05,29.97,0,
2016-11-15,58,54,49,49,45,36,93,33,24,4,29.96,29.72,1.61,
2016-11-16,64,56,48,42,38,33,80,34,17,4,29.89,29.74,0,
2016-11-17,63,58,52,43,41,38,66,43,21,6,30.08,29.9,0,
2016-11-18,67,58,48,45,40,36,71,34,12,0,30.14,30.04,0,
2016-11-19,62,52,42,50,46,36,83,55,31,0,30.03,29.57,0.18,
2016-11-20,44,41,37,37,29,19,86,43,36,14,29.59,29.52,0.34,
2016-11-21,43,41,39,22,20,18,48,39,36,13,29.85,29.57,0,
2016-11-22,44,42,39,27,24,20,59,43,37,16,30.21,29.86,0,
2016-11-23,46,42,37,27,24,22,59,38,21,6,30.31,30.2,0,
2016-11-24,50,46,41,45,37,26,86,51,15,5,30.32,30.18,0.02,
2016-11-25,56,52,47,47,44,42,86,61,9,0,30.26,30.13,0.01,
2016-11-26,52,48,44,42,38,34,80,52,21,6,30.13,30.04,0,
2016-11-27,51,47,43,34,31,28,70,42,21,9,30.13,30.06,0,
2016-11-28,53,48,42,41,33,28,71,41,14,4,30.22,30.13,0,
2016-11-29,62,57,52,59,54,42,97,68,26,4,30.13,29.83,2.23,
2016-11-30,61,57,52,53,52,50,93,78,24,0,29.94,29.55,0.96,
2016-12-01,57,51,45,54,40,27,93,41,28,4,29.83,29.45,0.05,
2016-12-02,53,48,43,31,29,26,57,38,24,7,29.92,29.85,0,
2016-12-03,50,47,43,31,29,26,58,42,32,13,30.16,29.91,0,
2016-12-04,48,45,41,27,24,21,53,34,20,6,30.24,30.13,0,
2016-12-05,51,46,40,39,35,24,89,51,20,4,30.11,29.94,0.18,
2016-12-06,47,44,41,38,32,29,82,53,21,4,30.14,29.86,0.35,
2016-12-07,47,44,41,40,38,34,93,60,18,0,30.04,29.85,0.06,
2016-12-08,45,41,36,34,24,16,70,33,23,4,30.0,29.88,0,
2016-12-09,42,37,32,20,17,14,56,38,32,12,30.29,29.99,0,
2016-12-10,37,34,31,21,18,15,61,47,20,9,30.47,30.28,0,
2016-12-11,36,33,30,31,20,12,85,38,14,0,30.57,30.23,0.03,
2016-12-12,48,42,35,40,36,27,92,53,21,0,30.16,29.82,0.53,
2016-12-13,45,42,39,28,24,21,57,41,20,0,30.19,30.01,0,
2016-12-14,44,40,36,30,20,5,64,27,23,4,30.03,29.89,0,
2016-12-15,36,29,21,10,3,-6,50,27,38,15,30.19,29.78,0,
2016-12-16,29,24,19,7,5,2,56,38,22,6,30.47,30.2,0,
2016-12-17,40,33,26,36,28,10,92,39,14,0,30.36,29.9,0.7,
2016-12-18,61,47,33,54,39,15,100,43,43,0,30.47,29.72,0.05,
2016-12-19,33,29,25,15,8,4,55,34,22,8,30.75,30.49,0,
2016-12-20,36,30,23,15,8,4,50,32,17,4,30.68,30.16,0,
2016-12-21,42,38,33,23,19,15,52,39,17,0,30.21,30.11,0,
2016-12-22,50,44,37,32,26,21,62,39,28,4,30.21,29.9,0,
2016-12-23,48,45,41,27,25,23,57,36,22,5,30.44,30.23,0,
2016-12-24,49,45,40,40,35,25,89,49,22,6,30.36,30.06,0.52,
2016-12-25,51,45,38,32,29,21,67,44,22,7,30.7,30.29,0,
2016-12-26,52,43,34,48,34,18,93,47,17,6,30.74,30.1,0,
2016-12-27,62,52,42,52,43,28,89,36,28,9,30.05,29.76,0,
2016-12-28,42,39,35,29,24,20,60,44,23,6,30.17,29.95,0,
2016-12-29,48,41,34,45,34,18,93,47,23,0,30.1,29.52,0.48,
2016-12-30,42,39,35,31,24,18,64,39,29,9,29.99,29.54,0,
2016-12-31,45,40,34,27,21,16,52,36,25,8,30.16,29.89,0,
2017-01-01,48,44,39,32,25,20,76,25,20,0,30.45,29.89,0,
2017-01-02,42,40,37,38,34,25,93,42,18,4,30.51,30.27,0.12,
2017-01-03,46,42,39,43,41,38,93,85,22,6,30.22,29.48,0.28,
2017-01-04,54,45,36,41,33,10,89,27,27,6,29.73,29.44,0,
2017-01-05,36,32,28,16,9,6,43,33,25,9,30.01,29.76,0,
2017-01-06,35,32,28,26,18,9,85,38,15,4,30.28,29.93,0.04,
2017-01-07,28,25,22,19,15,6,88,42,24,9,30.33,30.12,0.23,
2017-01-08,27,23,19,10,6,2,62,33,31,13,30.61,30.16,0,
2017-01-09,24,21,17,9,5,2,54,42,18,0,30.76,30.61,0,
2017-01-10,47,35,23,39,22,9,79,46,18,0,30.65,30.2,0,
2017-01-11,54,49,44,44,40,36,89,50,24,5,30.33,30.16,0.52,
2017-01-12,68,58,48,52,49,45,93,58,26,5,30.17,29.97,0.05,
2017-01-13,63,49,34,52,29,15,72,34,28,8,30.69,30.08,0,
2017-01-14,34,32,29,30,23,14,89,45,14,0,30.71,30.31,0.1,
2017-01-15,41,37,33,28,23,20,82,45,15,5,30.42,30.27,0,
2017-01-16,44,38,31,25,21,18,61,40,14,0,30.47,30.28,0,
2017-01-17,43,41,39,38,34,25,92,49,18,0,30.27,29.97,0.37,
2017-01-18,45,42,39,39,38,35,93,76,22,4,30.04,29.87,0.11,
2017-01-19,50,46,41,36,35,32,79,56,17,0,30.06,29.99,0,
2017-01-20,46,44,41,40,35,31,82,60,12,0,30.04,29.92,0.07,
2017-01-21,51,46,41,45,42,39,93,74,14,0,29.92,29.78,0,
2017-01-22,50,47,43,45,42,40,100,71,30,0,29.82,29.69,0.03,
2017-01-23,45,42,38,40,34,30,92,62,39,20,29.86,29.47,0.85,
2017-01-24,41,40,38,36,35,31,92,79,32,14,29.46,29.31,1,
2017-01-25,53,46,39,35,31,28,64,50,29,0,29.67,29.48,0,
2017-01-26,57,51,45,43,33,25,74,39,36,0,29.57,29.32,0.02,
2017-01-27,45,42,38,27,23,19,53,37,26,12,29.67,29.57,0,
2017-01-28,40,38,36,22,20,19,52,44,24,6,29.75,29.63,0,
2017-01-29,45,41,37,24,18,13,59,27,21,7,29.74,29.67,0,
2017-01-30,38,35,32,21,14,8,56,29,23,7,29.97,29.72,0,
2017-01-31,35,32,28,29,21,8,85,36,15,0,30.01,29.76,0.06,
2017-02-01,49,42,34,30,26,22,82,36,24,0,30.04,29.85,0,
2017-02-02,46,40,34,26,21,12,59,25,28,0,30.2,30.01,0,
2017-02-03,35,32,28,14,11,8,46,38,29,8,30.25,30.09,0,
2017-02-04,36,30,24,8,6,4,46,26,30,8,30.4,30.24,0,
2017-02-05,45,39,33,22,17,9,52,33,22,6,30.24,29.84,0,
2017-02-06,50,44,38,36,24,18,76,31,25,6,30.15,29.92,0,
2017-02-07,43,41,38,38,35,33,92,70,22,5,29.99,29.61,0.23,
2017-02-08,62,51,39,47,38,29,100,42,17,0,29.73,29.53,0.02,
2017-02-09,44,32,19,30,23,3,92,46,35,12,30.09,29.52,0.87,
2017-02-10,34,27,19,19,9,2,57,36,22,6,30.24,30.09,0,
2017-02-11,49,40,31,32,26,20,82,38,14,0,30.1,29.88,0,
2017-02-12,40,36,32,34,30,26,92,70,23,5,30.12,29.59,0.42,
2017-02-13,42,38,33,33,23,17,79,44,46,16,29.98,29.58,0.01,
2017-02-14,42,37,31,29,21,18,64,45,20,5,29.99,29.73,0,
2017-02-15,50,43,36,34,30,25,82,50,31,0,29.7,29.3,0,
2017-02-16,38,35,31,25,18,15,59,40,31,17,29.8,29.46,0,
2017-02-17,44,37,29,19,16,15,58,31,24,8,29.9,29.81,0,
2017-02-18,65,51,36,34,26,17,52,30,17,0,29.9,29.66,0,
2017-02-19,66,60,53,36,33,30,47,26,21,6,29.98,29.66,0,
2017-02-20,55,48,40,33,24,12,62,22,21,7,30.36,30,0,
2017-02-21,47,42,36,33,24,12,65,32,13,5,30.39,30.12,0,
2017-02-22,59,52,44,44,38,33,80,47,12,0,30.09,29.88,0,
2017-02-23,65,54,42,51,45,38,83,63,16,0,29.92,29.81,0,
2017-02-24,70,60,49,55,51,45,93,55,25,0,29.95,29.85,0,
2017-02-25,65,56,47,55,51,35,100,71,31,4,29.85,29.47,0.32,
2017-02-26,47,43,39,33,19,13,65,27,28,10,30.27,29.69,0,
2017-02-27,54,46,37,33,24,15,50,26,20,4,30.43,30.29,0,
2017-02-28,58,51,44,51,42,31,89,46,15,0,30.39,29.99,0,
2017-03-01,71,62,53,56,52,48,93,52,24,5,29.98,29.4,0.12,
2017-03-02,66,52,38,49,22,11,56,28,40,14,30.1,29.41,0,
2017-03-03,42,35,27,17,11,3,54,20,33,13,30.44,30.11,0,
2017-03-04,32,26,19,9,4,-4,50,28,33,12,30.61,30.45,0,
2017-03-05,38,28,17,1,-3,-7,43,16,22,5,30.68,30.5,0,
2017-03-06,45,37,28,27,11,-2,53,22,16,5,30.55,30.41,0,
2017-03-07,53,48,43,46,41,28,86,53,16,4,30.41,30.01,0.1,
2017-03-08,62,56,49,48,32,16,83,19,29,6,30.02,29.88,0.06,
2017-03-09,65,57,49,25,18,13,35,14,30,9,29.99,29.9,0,
2017-03-10,49,38,27,31,24,8,89,34,35,9,30.02,29.79,0.24,
2017-03-11,31,26,20,10,6,0,50,32,33,10,30.27,30.05,0,
2017-03-12,32,27,22,7,5,3,50,31,26,12,30.44,30.27,0,
2017-03-13,37,30,23,22,8,3,64,15,18,0,30.53,30.26,0,
2017-03-14,34,29,24,33,26,11,96,55,39,10,30.23,29.11,1.03,
2017-03-15,30,27,23,15,11,9,59,46,32,13,29.87,29.52,0,
2017-03-16,41,34,27,15,12,10,53,28,28,12,30.12,29.88,0,
2017-03-17,49,41,32,17,15,9,51,19,18,7,30.28,30.13,0,
2017-03-18,41,38,34,32,28,19,82,41,24,0,30.23,30.14,0.07,
2017-03-19,48,42,36,28,23,14,70,24,25,7,30.2,30.11,0,
2017-03-20,54,46,37,26,17,14,44,22,20,4,30.15,29.97,0,
2017-03-21,62,54,45,31,27,23,49,30,21,5,29.97,29.81,0,
2017-03-22,51,39,26,26,10,-2,49,25,36,0,30.45,29.86,0,
2017-03-23,45,36,26,23,6,-1,50,16,18,0,30.61,30.47,0,
2017-03-24,58,48,38,37,26,15,59,34,21,5,30.53,30.11,0,
2017-03-25,57,51,44,41,38,33,83,43,20,0,30.4,30.06,0,
2017-03-26,44,42,39,37,34,32,92,65,21,8,30.48,30.33,0.12,
2017-03-27,50,45,39,43,40,37,93,80,15,4,30.32,29.99,0.2,
2017-03-28,45,44,42,41,39,38,96,82,22,4,30.0,29.87,0.65,
2017-03-29,59,52,44,43,34,22,89,32,23,0,30.23,29.92,0,
2017-03-30,53,47,41,31,25,21,53,30,16,0,30.27,30.13,0,
2017-03-31,46,43,40,39,37,30,92,53,33,6,30.16,29.71,2.1,
2017-04-01,48,44,39,36,35,33,85,56,35,5,30.04,29.65,0.01,
2017-04-02,63,53,43,34,30,25,67,23,25,0,30.14,30.03,0,
2017-04-03,63,56,48,38,32,29,56,29,21,0,30.13,29.88,0.03,
2017-04-04,54,50,45,50,45,41,93,66,25,5,29.84,29.57,1.6,
2017-04-05,63,54,45,47,43,40,93,46,18,0,29.99,29.75,0,
2017-04-06,54,49,43,49,41,37,89,66,32,0,29.99,29.2,0.85,
2017-04-07,53,48,43,44,33,26,71,42,32,10,29.66,29.29,0,
2017-04-08,58,50,42,28,23,19,57,23,28,9,30.02,29.68,0,
2017-04-09,68,57,46,38,27,22,54,20,22,0,30.17,30.04,0,
2017-04-10,73,63,52,45,39,28,54,28,16,6,30.21,30.07,0,
2017-04-11,78,68,57,52,48,45,69,36,18,4,30.14,30.06,0,
2017-04-12,77,66,54,57,50,42,77,31,22,0,30.24,30.08,0.03,
2017-04-13,66,58,50,44,31,26,57,25,21,8,30.36,30.27,0,
2017-04-14,66,58,50,32,29,23,44,20,16,5,30.42,30.33,0,
2017-04-15,63,58,52,52,41,32,75,40,20,5,30.4,30.09,0,
2017-04-16,88,74,60,58,55,50,84,28,30,5,30.06,29.76,0,
2017-04-17,73,66,59,58,41,27,68,20,23,8,30.15,29.85,0,
2017-04-18,65,57,49,40,34,28,66,27,20,4,30.51,30.16,0,
2017-04-19,54,50,46,44,39,36,77,54,20,7,30.53,30.23,0,
2017-04-20,66,58,49,51,48,44,89,56,18,0,30.21,30.02,0.24,
2017-04-21,54,51,48,49,47,46,93,77,21,7,30.05,29.89,0.27,
2017-04-22,56,53,49,50,47,38,93,54,18,0,30.01,29.89,0.07,
2017-04-23,65,57,48,44,38,33,71,31,16,4,30.13,30.02,0,
2017-04-24,59,54,48,46,44,40,93,57,15,0,30.18,30.11,0,
2017-04-25,57,54,50,52,49,46,96,80,32,13,30.12,29.86,0.64,
2017-04-26,62,58,53,57,54,50,93,84,25,0,29.84,29.75,0.28,
2017-04-27,69,63,56,60,57,55,100,66,17,0,29.92,29.84,0.01,
2017-04-28,85,70,55,61,55,44,100,30,20,0,30.03,29.86,0,
2017-04-29,88,77,65,64,59,52,87,36,31,0,30.11,29.93,0.06,
2017-04-30,69,61,53,51,41,38,66,42,18,6,30.25,30.12,0,
2017-05-01,73,62,50,60,51,46,93,61,20,6,30.15,29.64,0,
2017-05-02,78,70,62,63,51,33,84,23,32,6,29.77,29.56,0,
2017-05-03,67,61,55,39,35,31,46,29,26,9,30.2,29.78,0,
2017-05-04,66,59,51,41,35,27,59,24,18,4,30.29,30.12,0,
2017-05-05,64,59,53,61,53,42,93,61,25,0,30.1,29.51,2.27,
2017-05-06,67,62,56,60,55,45,93,55,28,9,29.51,29.37,0.06,
2017-05-07,58,54,50,44,40,37,66,47,24,9,29.79,29.5,0,
2017-05-08,62,55,48,38,32,26,61,27,24,7,29.92,29.8,0,
2017-05-09,64,57,49,42,37,29,66,29,18,5,30.0,29.91,0,
2017-05-10,65,59,52,43,38,35,71,34,14,0,30.06,29.99,0,
2017-05-11,64,58,52,41,37,33,64,34,13,4,30.04,29.95,0,
2017-05-12,64,58,52,44,42,40,77,46,18,0,30.08,30.02,0,
2017-05-13,55,51,47,49,46,43,86,66,29,8,30.0,29.75,1.74,
2017-05-14,70,59,47,46,44,40,86,42,35,7,29.74,29.56,0.01,
2017-05-15,70,62,54,45,43,41,62,36,32,13,29.92,29.62,0,
2017-05-16,83,71,59,48,45,41,60,23,21,0,30.02,29.92,0,
2017-05-17,94,80,66,63,55,46,58,30,21,0,30.01,29.88,0,
2017-05-18,97,89,80,64,61,57,55,27,23,7,29.95,29.81,0,
2017-05-19,96,82,68,65,60,50,58,28,24,5,30.04,29.82,0,
2017-05-20,68,63,58,50,43,38,60,37,22,4,30.33,30.06,0.01,
2017-05-21,71,64,57,47,38,30,62,23,21,0,30.38,30.25,0,
2017-05-22,63,60,57,60,55,44,100,55,15,0,30.23,29.95,0.64,
2017-05-23,70,65,59,58,51,43,90,37,14,0,29.96,29.78,0,
2017-05-24,69,63,57,54,51,47,86,48,20,4,29.82,29.72,0.03,
2017-05-25,59,58,56,56,55,51,93,75,25,7,29.8,29.47,0.87,
2017-05-26,76,67,57,57,54,51,93,43,24,5,29.8,29.45,0.12,
2017-05-27,72,67,62,56,54,53,78,53,18,4,29.92,29.81,0,
2017-05-28,71,65,58,58,55,48,93,52,16,4,29.97,29.89,0,
2017-05-29,62,59,56,54,53,51,86,67,17,6,30.09,29.87,0.16,
2017-05-30,64,60,55,57,53,51,93,72,15,5,30.17,30.1,0.03,
2017-05-31,78,68,58,62,59,57,100,54,20,5,30.09,29.91,0.05,
2017-06-01,82,71,60,60,51,42,84,28,22,0,29.96,29.86,0,
2017-06-02,79,70,60,48,42,35,60,23,33,0,29.99,29.87,0,
2017-06-03,74,67,59,47,42,38,56,27,24,0,30.0,29.92,0,
2017-06-04,71,65,59,57,47,41,90,37,15,0,30.02,29.82,0.04,
2017-06-05,67,63,58,61,59,56,93,84,22,5,29.83,29.72,0.02,
2017-06-06,59,56,52,56,52,45,93,71,21,7,29.93,29.69,0.03,
2017-06-07,70,61,52,49,47,45,77,42,14,0,30.02,29.92,0,
2017-06-08,71,64,57,56,48,39,86,37,14,0,30.02,29.82,0,
2017-06-09,83,70,56,50,47,43,77,26,24,0,29.87,29.73,0,
2017-06-10,88,78,67,60,54,50,55,30,21,0,30.01,29.88,0,
2017-06-11,94,85,75,62,58,55,60,28,22,5,30.07,29.97,0,
2017-06-12,96,86,76,62,60,57,56,28,18,5,30.05,29.91,0,
2017-06-13,101,91,80,67,62,58,58,27,20,0,29.94,29.79,0,
2017-06-14,83,77,70,68,59,47,79,36,16,0,30.03,29.87,0.5,
2017-06-15,76,70,64,57,51,43,78,31,21,0,30.07,30.01,0,
2017-06-16,70,67,63,64,61,56,100,73,16,8,30.04,29.92,0,
2017-06-17,74,69,64,69,66,63,100,84,13,4,29.96,29.91,1.26,
2017-06-18,84,77,70,73,70,69,100,69,25,4,29.91,29.77,0,
2017-06-19,87,79,70,72,70,68,97,61,25,8,29.88,29.74,1.22,
2017-06-20,86,78,70,70,61,49,93,29,28,6,29.94,29.83,0.01,
2017-06-21,87,81,75,65,57,52,69,32,24,5,29.94,29.85,0,
2017-06-22,84,76,68,71,60,54,76,40,20,0,30.02,29.89,0,
2017-06-23,87,82,77,75,73,71,88,65,24,7,29.88,29.62,0.02,
2017-06-24,86,78,70,75,65,53,100,32,26,0,29.88,29.57,1.12,
2017-06-25,84,77,70,64,58,51,78,34,26,0,29.99,29.9,0,
2017-06-26,81,74,67,62,53,46,73,32,22,6,30.04,29.96,0,
2017-06-27,79,71,62,61,56,49,93,41,21,0,30.03,29.91,0.16,
2017-06-28,81,73,64,54,51,48,67,33,20,7,30.12,30.02,0,
2017-06-29,83,76,69,66,61,53,69,49,22,8,30.15,30.02,0,
2017-06-30,89,82,75,71,66,61,69,53,21,8,30.02,29.88,0,
2017-07-01,85,80,74,76,71,68,93,69,22,6,29.97,29.85,0.07,
2017-07-02,91,82,73,71,66,60,93,36,20,5,29.98,29.89,0,
2017-07-03,90,82,73,70,64,59,79,38,26,0,30.0,29.93,0.12,
2017-07-04,87,79,70,69,60,55,87,40,12,0,30.11,29.99,0,
2017-07-05,85,78,70,66,59,54,79,37,17,0,30.2,30.1,0,
2017-07-06,81,75,69,67,61,52,84,39,15,5,30.17,29.96,0,
2017-07-07,82,75,68,72,68,63,100,58,20,0,29.95,29.72,2.14,
2017-07-08,87,79,71,71,66,62,100,46,23,0,29.86,29.72,0,
2017-07-09,85,78,70,65,57,51,73,34,18,6,30.05,29.87,0,
2017-07-10,88,80,72,71,61,53,82,37,24,0,30.07,29.95,0,
2017-07-11,89,82,75,73,70,67,87,55,22,5,29.96,29.91,0,
2017-07-12,91,85,78,74,71,68,79,50,24,0,30.0,29.91,0,
2017-07-13,94,88,82,73,72,70,74,49,21,4,30.03,29.93,0,
2017-07-14,73,69,65,70,67,64,100,87,17,4,30.09,29.96,0.47,
2017-07-15,86,77,67,70,66,62,100,48,16,0,29.96,29.87,0.01,
2017-07-16,86,79,71,67,64,61,79,44,16,0,30.0,29.92,0,
2017-07-17,87,81,75,74,70,65,88,51,20,0,30.08,29.99,0,
2017-07-18,88,82,76,74,71,68,88,55,20,5,30.11,30.04,0,
2017-07-19,94,86,78,74,69,57,85,30,20,0,30.06,29.94,0,
2017-07-20,98,88,77,74,70,62,85,33,24,0,29.98,29.85,0,
2017-07-21,94,86,77,71,68,63,74,36,18,6,29.92,29.84,0,
2017-07-22,91,82,73,75,68,58,91,36,15,4,29.89,29.74,0.52,
2017-07-23,80,76,72,73,70,67,100,67,16,0,29.87,29.72,0.09,
2017-07-24,73,69,64,70,64,59,100,76,31,7,29.96,29.75,0.9,
2017-07-25,71,67,62,62,60,59,93,73,14,5,30.22,29.96,0,
2017-07-26,78,72,65,60,58,55,84,50,15,5,30.25,30.13,0,
2017-07-27,78,73,67,72,67,59,87,64,15,5,30.11,29.86,0,
2017-07-28,84,78,71,71,70,65,100,58,15,0,29.86,29.77,0,
2017-07-29,76,72,68,63,57,54,68,53,24,9,29.89,29.76,0,
2017-07-30,82,74,66,58,54,50,68,36,14,4,30.06,29.89,0,
2017-07-31,89,80,70,65,59,54,66,40,15,0,30.07,30,0,
2017-08-01,91,82,72,69,65,58,93,32,16,0,30.05,29.99,0,
2017-08-02,88,79,69,72,69,65,90,51,26,0,30.1,30.01,0.08,
2017-08-03,87,79,70,70,68,65,93,51,18,4,30.13,30.05,0.01,
2017-08-04,85,78,71,74,70,60,93,47,22,4,30.07,29.92,0.75,
2017-08-05,80,75,70,74,65,55,94,45,26,4,29.98,29.83,0.16,
2017-08-06,78,72,66,55,53,50,63,41,20,5,30.11,29.98,0,
2017-08-07,73,70,66,66,63,55,100,57,13,0,30.12,29.9,0.43,
2017-08-08,80,73,65,66,63,58,100,48,18,4,30.09,29.87,0,
2017-08-09,85,77,68,63,59,54,81,37,16,0,30.22,30.09,0,
2017-08-10,86,79,71,64,61,59,73,43,16,0,30.24,30.16,0,
2017-08-11,82,77,72,69,62,57,79,49,17,4,30.17,30,0.01,
2017-08-12,78,72,65,72,66,59,93,69,20,0,30.01,29.87,0.16,
2017-08-13,85,79,72,72,65,60,93,47,17,0,30.01,29.84,0,
2017-08-14,83,77,71,70,66,60,93,51,14,4,30.04,29.95,0,
2017-08-15,76,73,69,72,70,66,100,82,13,0,29.95,29.89,0.44,
2017-08-16,86,79,71,71,66,61,100,44,14,0,30.01,29.9,0,
2017-08-17,82,76,70,73,63,57,94,49,15,5,30.07,29.97,0,
2017-08-18,83,78,73,77,75,71,100,79,16,0,29.95,29.76,0.91,
2017-08-19,89,82,75,73,67,61,94,40,17,4,29.88,29.77,0,
2017-08-20,83,77,71,66,62,59,79,46,18,5,30.15,29.89,0,
2017-08-21,88,82,75,71,65,60,79,40,18,0,30.19,30.09,0,
2017-08-22,91,83,74,76,74,71,94,63,28,5,30.08,29.75,0.23,
2017-08-23,82,78,74,73,62,54,100,39,20,6,29.87,29.75,0.02,
2017-08-24,81,75,69,58,54,50,66,36,17,4,29.97,29.87,0,
2017-08-25,78,72,66,59,55,52,73,40,14,0,30.19,29.99,0,
2017-08-26,77,71,64,54,51,44,67,33,13,0,30.27,30.19,0,
2017-08-27,77,71,64,58,53,46,73,36,14,4,30.28,30.21,0,
2017-08-28,75,70,64,61,55,49,81,41,18,7,30.31,30.23,0,
2017-08-29,69,67,64,62,60,56,87,68,20,9,30.25,30.01,0.07,
2017-08-30,80,71,61,60,56,49,100,35,18,7,30.0,29.91,0.01,
2017-08-31,82,74,66,60,58,49,73,49,23,5,29.99,29.87,0,
2017-09-01,72,64,56,50,43,37,69,29,20,5,30.18,30.01,0,
2017-09-02,68,62,56,59,50,42,93,48,16,5,30.25,30.09,0.59,
2017-09-03,72,66,59,65,60,57,100,61,18,5,30.09,29.83,0.6,
2017-09-04,82,73,64,60,56,54,73,39,21,6,29.98,29.85,0,
2017-09-05,85,78,71,71,66,61,84,58,26,0,29.85,29.71,0,
2017-09-06,74,68,61,68,63,59,100,68,21,0,29.9,29.81,0.44,
2017-09-07,75,68,61,61,55,48,100,41,22,5,30.01,29.8,0,
2017-09-08,73,67,61,52,50,47,67,38,20,7,30.18,30.03,0,
2017-09-09,69,64,58,52,50,46,80,48,20,6,30.29,30.18,0,
2017-09-10,73,66,59,55,51,46,84,41,18,0,30.36,30.29,0,
2017-09-11,78,69,59,56,50,45,72,32,12,0,30.35,30.12,0,
2017-09-12,82,73,63,60,56,52,78,34,9,0,30.1,29.91,0,
2017-09-13,84,76,67,70,63,52,87,39,16,0,29.93,29.85,0.02,
2017-09-14,83,77,70,70,68,63,100,55,18,5,29.94,29.84,0,
2017-09-15,82,76,70,70,65,62,87,54,14,4,30.09,29.94,0,
2017-09-16,80,75,69,71,69,66,100,69,16,0,30.17,30.09,0,
2017-09-17,81,75,69,68,67,65,97,58,13,0,30.17,30.09,0,
2017-09-18,74,71,68,69,67,65,93,79,18,5,30.13,30.07,0,
2017-09-19,78,74,69,68,66,65,90,64,24,12,30.06,29.85,0.19,
2017-09-20,78,75,71,66,65,64,79,62,23,9,29.93,29.79,0,
2017-09-21,79,76,72,66,64,60,79,58,20,7,30.02,29.93,0,
2017-09-22,81,75,68,58,54,50,61,42,22,9,30.01,29.93,0,
2017-09-23,86,78,70,59,55,48,61,29,20,0,30.05,29.97,0,
2017-09-24,91,81,71,65,62,58,73,44,12,0,30.07,30,0,
2017-09-25,86,79,71,68,66,64,90,55,13,0,30.08,30.01,0,
2017-09-26,81,75,68,70,67,66,97,62,12,0,30.06,29.96,0,
2017-09-27,84,77,70,74,71,67,100,69,16,4,29.95,29.75,0,
2017-09-28,77,69,61,73,61,46,100,39,26,5,29.96,29.71,0,
2017-09-29,70,64,57,47,44,41,67,37,16,0,30.07,29.98,0,
2017-09-30,66,61,55,52,50,46,83,52,24,0,30.34,30,0,
2017-10-01,70,61,52,49,44,41,83,36,12,0,30.4,30.27,0,
2017-10-02,74,65,56,51,44,33,72,25,13,0,30.51,30.3,0,
2017-10-03,71,65,59,55,50,45,87,45,14,0,30.63,30.52,0,
2017-10-04,75,67,58,61,55,50,80,53,17,4,30.52,30.19,0,
2017-10-05,84,75,66,66,60,57,73,44,20,6,30.18,30.02,0,
2017-10-06,82,76,70,67,63,56,84,42,15,0,30.11,30.03,0,
2017-10-07,82,74,66,68,66,63,100,58,21,0,30.14,30.02,0,
2017-10-08,80,76,71,73,71,68,100,79,18,4,30.01,29.91,0.37,
2017-10-09,79,75,71,74,72,70,100,85,25,4,29.99,29.82,0.23,
2017-10-10,81,75,69,72,62,59,79,49,20,0,30.1,29.91,0,
2017-10-11,78,70,62,62,57,32,84,23,20,4,30.17,30.08,0.04,
2017-10-12,65,61,56,56,50,44,84,48,25,10,30.4,30.19,0.03,
2017-10-13,68,61,53,57,52,45,84,58,18,6,30.45,30.32,0,
2017-10-14,73,68,62,63,61,58,100,73,15,0,30.31,30.15,0.03,
2017-10-15,75,71,66,65,63,61,93,68,21,4,30.14,29.79,0,
2017-10-16,71,60,48,65,47,33,84,50,26,8,30.21,29.79,0.01,
2017-10-17,61,53,45,41,33,28,65,29,16,0,30.35,30.22,0,
2017-10-18,74,63,52,52,43,36,63,35,14,0,30.32,30.25,0,
2017-10-19,72,65,58,47,44,38,67,29,18,5,30.27,30.07,0,
2017-10-20,74,68,62,47,40,29,56,22,21,7,30.2,30.06,0,
2017-10-21,79,69,58,48,44,37,55,29,14,0,30.35,30.21,0,
2017-10-22,76,67,58,57,49,37,84,27,14,0,30.41,30.34,0,
2017-10-23,75,68,61,65,61,58,97,64,23,0,30.35,29.98,0,
2017-10-24,76,72,67,67,66,64,93,74,33,7,29.98,29.74,0.13,
2017-10-25,68,64,59,65,50,40,87,43,20,0,29.74,29.67,0,
2017-10-26,59,56,53,46,40,35,71,47,17,8,29.91,29.63,0,
2017-10-27,63,57,51,46,38,32,67,34,16,0,30.11,29.92,0,
2017-10-28,68,61,54,61,52,46,87,45,25,4,30.07,29.9,0,
2017-10-29,68,65,61,66,62,59,100,87,35,7,29.89,28.9,2.78,
2017-10-30,62,55,47,58,41,32,89,40,32,0,29.86,28.94,0.16,
2017-10-31,58,53,48,38,31,27,59,30,26,9,30.24,29.87,0,
2017-11-01,59,53,47,50,36,27,77,43,14,0,30.36,30.26,0,
2017-11-02,72,65,58,61,59,51,100,61,18,0,30.27,30.17,0,
2017-11-03,75,64,53,60,55,38,97,54,25,5,30.2,29.96,0,
2017-11-04,56,52,48,44,37,33,71,43,17,7,30.35,30.23,0,
2017-11-05,62,57,52,60,54,44,100,71,15,0,30.33,30.04,0.1,
2017-11-06,66,57,48,60,55,38,97,66,24,6,30.11,29.87,0,
2017-11-07,51,46,41,39,36,33,89,52,18,8,30.22,30.1,0.6,
2017-11-08,50,45,40,38,36,34,92,61,17,4,30.27,30.16,0,
2017-11-09,56,49,42,47,40,35,82,54,20,6,30.24,29.95,0,
2017-11-10,53,40,27,46,23,10,77,35,30,8,30.51,29.93,0,
2017-11-11,39,33,26,16,13,8,63,29,25,4,30.58,30.49,0,
2017-11-12,47,41,34,31,23,13,64,33,13,0,30.51,30.39,0,
2017-11-13,50,46,42,40,34,26,76,49,14,5,30.38,30.27,0.05,
2017-11-14,47,43,39,36,33,30,76,57,14,7,30.34,30.28,0,
2017-11-15,51,45,38,40,34,30,76,56,16,6,30.32,30.04,0,
2017-11-16,59,52,45,50,41,33,96,43,28,6,30.01,29.74,0.78,
2017-11-17,49,45,41,33,24,16,70,31,31,7,30.09,29.92,0,
2017-11-18,56,46,36,50,32,17,77,38,18,0,30.05,29.41,0.12,
2017-11-19,60,50,40,56,39,26,87,44,36,9,29.8,29.22,0.23,
2017-11-20,48,43,37,28,24,21,57,34,24,8,30.13,29.81,0,
2017-11-21,59,51,43,41,32,25,63,31,20,6,30.14,30.02,0,
2017-11-22,55,46,37,51,37,21,89,53,30,0,30.09,29.87,0.16,
2017-11-23,45,40,34,22,20,18,61,33,22,5,30.12,30.01,0,
2017-11-24,51,44,37,32,24,19,58,30,15,0,30.06,29.93,0,
2017-11-25,58,50,42,40,33,28,67,36,18,4,29.92,29.67,0,
2017-11-26,53,48,42,37,28,23,60,41,28,10,29.99,29.75,0,
2017-11-27,52,47,42,28,25,23,49,38,25,7,30.3,29.95,0,
2017-11-28,53,45,37,45,34,23,77,45,17,6,30.46,30.19,0,
2017-11-29,64,54,44,45,34,26,86,25,25,7,30.32,30.05,0,
2017-11-30,54,47,40,48,35,26,83,49,17,4,30.35,30.01,0.02,
2017-12-01,53,48,43,45,36,30,80,44,20,5,30.3,30.01,0,
2017-12-02,48,44,40,34,30,28,70,49,10,0,30.32,30.22,0,
2017-12-03,48,45,42,40,38,33,83,65,10,0,30.3,30.17,0,
2017-12-04,52,46,40,40,38,36,86,61,14,0,30.45,30.3,0,
2017-12-05,60,55,50,56,51,39,93,63,21,7,30.36,29.8,0.69,
2017-12-06,59,50,41,55,27,15,93,31,31,8,30.01,29.8,0,
2017-12-07,46,43,40,25,20,16,49,31,25,9,30.04,29.96,0,
2017-12-08,41,39,36,24,18,15,54,37,18,6,30.11,29.95,0,
2017-12-09,37,34,31,31,26,15,92,40,16,4,29.97,29.71,0.34,
2017-12-10,40,36,32,29,23,19,82,48,21,7,30.01,29.72,0,
2017-12-11,43,39,35,26,22,19,70,39,20,5,30.04,29.94,0,
2017-12-12,51,42,32,42,33,15,71,50,33,7,29.91,29.42,0,
2017-12-13,33,28,22,14,7,4,54,28,36,13,29.69,29.49,0,
2017-12-14,33,29,24,24,19,8,92,43,25,4,30.09,29.53,0.07,
2017-12-15,30,27,23,22,16,7,88,42,17,0,30.12,29.91,0.13,
2017-12-16,40,33,25,26,20,16,74,51,23,8,30.2,29.91,0,
2017-12-17,37,35,33,25,23,20,64,52,13,0,30.31,30.2,0,
2017-12-18,48,41,34,36,31,23,82,59,15,0,30.19,29.92,0.02,
2017-12-19,56,51,46,37,36,33,71,43,24,8,29.92,29.71,0,
2017-12-20,53,45,36,34,22,17,54,33,28,10,30.04,29.71,0,
2017-12-21,41,38,34,19,18,16,56,37,15,5,30.28,30.05,0,
2017-12-22,51,44,36,43,30,17,92,44,17,4,30.3,30.13,0,
2017-12-23,53,46,38,50,40,34,100,85,25,0,30.12,29.64,0.54,
2017-12-24,41,39,36,34,28,25,89,54,23,7,30.23,29.86,0.01,
2017-12-25,39,34,28,37,23,7,100,35,37,5,30.24,29.63,0.22,
2017-12-26,29,27,24,7,2,0,40,31,25,9,30.46,30.25,0,
2017-12-27,25,22,18,6,3,0,52,36,22,7,30.53,30.43,0,
2017-12-28,19,16,12,3,0,-4,59,39,28,14,30.57,30.43,0,
2017-12-29,22,17,12,7,3,0,61,45,22,8,30.41,30.21,0,
2017-12-30,24,21,18,18,12,2,84,41,20,0,30.24,29.91,0.03,
2017-12-31,22,16,10,11,2,-2,68,51,29,14,30.33,30.06,0,
2018-01-01,19,14,8,3,-1,-3,69,39,25,12,30.39,30.33,0,
2018-01-02,26,20,14,7,4,1,59,38,22,8,30.43,30.32,0,
2018-01-03,30,24,17,3,1,0,50,28,20,0,30.35,30.19,0,
2018-01-04,29,25,20,22,16,6,92,39,40,8,29.94,29.25,0.51,
2018-01-05,20,15,10,5,-3,-7,58,36,35,18,30.06,29.56,0,
2018-01-06,15,12,8,-4,-6,-9,55,38,32,16,30.43,30.08,0,
2018-01-07,18,12,6,3,-3,-5,63,42,23,5,30.63,30.37,0,
2018-01-08,33,26,18,23,12,3,69,43,18,8,30.35,30.03,0,
2018-01-09,43,37,30,26,23,19,72,39,25,6,30.38,30.01,0,
2018-01-10,40,33,26,33,24,19,79,48,13,0,30.51,30.39,0,
2018-01-11,47,41,35,39,35,31,92,70,9,0,30.41,30.19,0,
2018-01-12,60,49,37,58,51,37,100,92,22,5,30.18,29.54,0.69,
2018-01-13,53,37,20,52,28,5,100,47,31,9,30.4,29.33,0.11,
2018-01-14,24,20,15,5,1,-2,59,34,22,10,30.69,30.41,0,
2018-01-15,30,23,16,18,13,3,68,54,22,6,30.68,30.49,0,
2018-01-16,34,29,24,30,24,16,85,68,12,4,30.51,30.33,0,
2018-01-17,36,30,23,34,28,12,96,60,20,5,30.3,30.16,0.17,
2018-01-18,33,27,20,14,11,8,65,39,20,8,30.16,29.92,0,
2018-01-19,40,33,26,19,15,12,55,40,18,6,30.08,29.93,0,
2018-01-20,54,46,37,28,23,19,48,32,23,5,30.04,29.84,0,
2018-01-21,52,47,42,35,30,27,60,41,13,0,30.19,30.04,0,
2018-01-22,45,41,36,38,35,33,92,65,16,4,30.21,30.07,0,
2018-01-23,60,48,36,53,42,27,100,46,28,0,30.03,29.51,0.31,
2018-01-24,45,37,28,28,22,13,53,44,26,9,30.16,29.73,0,
2018-01-25,35,30,24,13,7,0,60,24,23,6,30.57,30.16,0,
2018-01-26,39,34,28,23,10,1,59,28,15,0,30.74,30.58,0,
2018-01-27,57,46,35,40,32,24,76,32,20,4,30.58,30.22,0,
2018-01-28,54,48,42,46,41,34,86,56,17,0,30.28,30.21,0.27,
2018-01-29,44,39,34,37,28,25,86,53,21,5,30.25,30,0,
2018-01-30,37,32,26,29,24,11,92,50,28,6,30.16,29.92,0.06,
2018-01-31,34,27,19,16,8,4,57,29,23,5,30.31,30.06,0,
2018-02-01,45,39,33,35,25,17,73,45,14,0,30.05,29.82,0.05,
2018-02-02,39,29,18,34,16,1,85,35,37,0,30.37,29.79,0.18,
2018-02-03,32,25,17,11,4,0,49,32,24,8,30.45,30.35,0,
2018-02-04,47,39,31,45,30,12,93,43,17,0,30.35,29.61,1.01,
2018-02-05,41,35,28,39,20,8,86,36,31,0,30.3,29.61,0,
2018-02-06,38,33,28,23,16,8,59,36,12,0,30.5,30.28,0,
2018-02-07,47,39,30,43,28,18,92,56,29,0,30.5,29.86,0.85,
2018-02-08,34,30,26,21,15,10,69,41,26,5,30.47,30.13,0,
2018-02-09,39,34,28,32,18,11,76,41,18,0,30.58,30.4,0,
2018-02-10,51,45,38,44,39,33,100,71,10,0,30.38,30.02,0.53,
2018-02-11,60,51,42,55,46,41,100,92,16,0,30.08,29.83,1.28,
2018-02-12,63,49,34,58,30,11,100,32,24,0,30.68,29.92,0,
2018-02-13,38,33,27,25,16,8,69,32,17,0,30.84,30.57,0,
2018-02-14,54,45,36,41,32,25,76,50,14,5,30.56,30.04,0.1,
2018-02-15,61,54,47,54,46,41,86,69,16,4,30.03,29.66,0.14,
2018-02-16,59,48,37,55,44,16,93,44,30,4,30.18,29.56,0.11,
2018-02-17,39,35,30,32,23,15,96,37,20,4,30.42,30,0.6,
2018-02-18,45,39,33,33,27,21,96,40,26,0,30.52,29.96,0.02,
2018-02-19,49,41,33,46,38,25,93,60,17,0,30.53,30.3,0.03,
2018-02-20,70,59,47,53,50,46,100,57,20,0,30.33,30.27,0,
2018-02-21,79,65,50,59,53,46,100,48,21,5,30.39,30.19,0.02,
2018-02-22,58,48,37,44,35,31,85,46,16,8,30.67,30.42,0.11,
2018-02-28,62,52,42,38,30,24,54,32,17,4,30.2,29.87,0,
2018-03-01,59,51,43,41,38,36,89,47,17,0,29.87,29.52,0.42,
2018-03-02,44,40,36,41,35,28,89,70,43,12,29.77,29.25,1.76,
2018-03-03,47,43,38,30,28,27,70,49,37,15,30.09,29.78,0,
2018-03-04,44,40,35,29,24,18,60,38,29,13,30.13,30.05,0,
2018-03-05,42,39,35,25,23,20,59,50,25,7,30.08,30.01,0,
2018-03-06,47,41,34,29,26,23,70,42,18,5,30.08,29.96,0,
2018-03-07,39,37,34,34,32,30,100,64,31,9,29.97,29.53,0.9,
2018-03-08,42,38,34,31,26,20,82,48,20,10,29.73,29.67,0,
2018-03-09,44,38,31,24,21,16,69,39,26,9,29.86,29.69,0,
2018-03-10,41,37,33,21,19,16,61,37,23,12,30.03,29.86,0,
2018-03-11,46,40,34,22,20,18,56,31,20,6,30.09,30.02,0,
2018-03-12,43,38,33,33,28,21,85,52,23,7,30.09,29.77,0.04,
2018-03-13,42,38,34,32,29,18,89,45,30,12,29.74,29.59,0.22,
2018-03-14,42,37,32,29,21,16,82,39,30,15,29.68,29.5,0,
2018-03-15,48,41,34,28,20,15,64,26,28,12,29.62,29.5,0,
2018-03-16,40,36,32,25,19,13,59,37,32,12,29.93,29.6,0,
2018-03-17,48,39,29,17,13,8,50,19,25,9,29.93,29.67,0,
2018-03-18,44,37,30,20,9,-4,52,18,23,0,29.96,29.82,0,
2018-03-19,47,41,34,26,13,5,70,17,15,0,29.98,29.87,0,
2018-03-20,39,35,31,28,16,7,70,29,22,9,29.98,29.77,0,
2018-03-23,50,44,37,26,22,20,52,29,22,7,30.07,29.95,0,
2018-03-24,51,44,37,22,19,14,52,24,21,6,30.14,30.01,0,
2018-03-25,44,40,35,31,24,17,64,38,22,7,30.6,30.16,0,
2018-03-26,50,42,34,27,22,16,64,26,22,6,30.72,30.61,0,
2018-03-27,45,40,35,26,22,18,70,36,12,0,30.66,30.23,0.01,
2018-03-28,52,46,39,41,37,32,85,59,12,0,30.22,29.99,0.03,
2018-03-29,53,50,46,47,45,41,93,71,13,0,30.07,29.81,0.02,
2018-03-30,60,52,43,50,43,30,100,53,24,0,30.01,29.7,0.04,
2018-03-31,57,49,40,29,21,14,53,19,25,0,30.29,30.05,0,
2018-04-01,59,51,43,38,30,18,65,31,21,6,30.09,29.95,0,
2018-04-02,43,38,32,35,29,18,96,36,17,0,30.19,30.06,0.55,
2018-04-03,44,42,39,40,36,31,93,67,17,5,30.2,29.86,0.27,
2018-04-04,57,49,41,50,38,18,100,26,38,0,29.83,29.43,0.12,
2018-04-05,46,41,35,20,13,9,41,22,35,9,30.13,29.86,0,
2018-04-06,62,50,37,41,31,15,79,27,25,0,30.15,29.65,0.09,
2018-04-07,49,44,38,36,21,12,65,23,24,6,29.91,29.68,0,
2018-04-08,45,39,33,19,16,11,51,25,28,9,30.05,29.85,0,
2018-04-09,49,41,33,29,18,10,57,23,20,4,30.23,30.07,0,
2018-04-10,50,45,40,33,28,20,79,32,18,4,30.2,30.1,0,
2018-04-11,52,45,38,34,24,12,60,25,18,0,30.22,30.06,0,
2018-04-12,60,53,46,43,35,29,64,39,18,0,30.11,29.8,0,
2018-04-13,82,71,59,48,43,40,64,23,20,8,29.93,29.79,0,
2018-04-14,69,57,45,49,46,39,77,49,23,5,30.19,29.84,0,
2018-04-15,46,43,39,39,33,30,85,58,30,15,30.34,30.16,0.36,
2018-04-16,61,51,40,57,43,35,92,61,33,8,30.12,29.42,2.5,
2018-04-17,47,44,40,35,28,24,70,42,24,8,29.74,29.6,0,
2018-04-18,55,47,39,30,26,20,54,35,23,0,29.82,29.75,0,
2018-04-19,48,44,40,38,34,24,82,45,28,6,30.01,29.63,0.15,
2018-04-20,50,44,38,25,24,22,59,36,28,8,30.37,30.02,0,
2018-04-21,62,52,41,28,24,20,55,20,17,7,30.41,30.25,0,
2018-04-22,65,56,46,30,22,14,49,14,18,4,30.41,30.32,0,
2018-04-23,65,55,45,41,33,27,83,27,16,0,30.49,30.39,0,
2018-04-24,66,56,46,50,41,33,86,31,23,4,30.42,30.15,0.03,
2018-04-25,61,56,50,58,52,47,96,86,22,0,30.13,29.64,0.51,
2018-04-26,70,62,53,54,45,38,93,33,24,0,29.87,29.58,0.17,
2018-04-27,57,53,49,49,46,42,93,57,21,0,29.88,29.73,0.05,
2018-04-28,66,59,51,51,48,45,89,48,22,0,29.87,29.74,0.07,
2018-04-29,58,54,50,50,40,31,89,36,23,0,30.03,29.84,0.15,
2018-04-30,52,48,44,39,32,25,71,39,31,7,30.03,29.98,0,
